"(Duelist) Impact","(듀얼리스트) 충격"
"Allocates Impact if you have the matching modifier on Forbidden Flesh","금단의 살점에 일치하는 속성이 있을 경우 충격 할당"
"Allocates Impact if you have the matching modifier on Forbidden Flame","금단의 화염에 일치하는 속성이 있을 경우 충격 할당"
"(Duelist) Fatal Flourish","(듀얼리스트) 치명적인 번창"
"Allocates Fatal Flourish if you have the matching modifier on Forbidden Flesh","금단의 살점에 일치하는 속성이 있을 경우 치명적인 번창 할당"
"Allocates Fatal Flourish if you have the matching modifier on Forbidden Flame","금단의 화염에 일치하는 속성이 있을 경우 치명적인 번창 할당"
"(Duelist) Reigning Veteran","(듀얼리스트) 지배적인 역전 용사"
"Allocates Reigning Veteran if you have the matching modifier on Forbidden Flesh","금단의 살점에 일치하는 속성이 있을 경우 지배적인 역전 용사 할당"
"Allocates Reigning Veteran if you have the matching modifier on Forbidden Flame","금단의 화염에 일치하는 속성이 있을 경우 지배적인 역전 용사 할당"
"(Duelist) Arena Challenger","(듀얼리스트) 투기장의 도전자"
"Allocates Arena Challenger if you have the matching modifier on Forbidden Flesh","금단의 살점에 일치하는 속성이 있을 경우 투기장의 도전자 할당"
"Allocates Arena Challenger if you have the matching modifier on Forbidden Flame","금단의 화염에 일치하는 속성이 있을 경우 투기장의 도전자 할당"
"(Duelist) Master of Metal","(듀얼리스트) 금속의 대가"
"Allocates Master of Metal if you have the matching modifier on Forbidden Flesh","금단의 살점에 일치하는 속성이 있을 경우 금속의 대가 할당"
"Allocates Master of Metal if you have the matching modifier on Forbidden Flame","금단의 화염에 일치하는 속성이 있을 경우 금속의 대가 할당"
"(Duelist) First to Strike,Last to Fall","(듀얼리스트) 선수필승"
"Allocates First to Strike,Last to Fall if you have the matching modifier on Forbidden Flesh","금단의 살점에 일치하는 속성이 있을 경우 선수필승 할당"
"Allocates First to Strike,Last to Fall if you have the matching modifier on Forbidden Flame","금단의 화염에 일치하는 속성이 있을 경우 선수필승 할당"
"(Duelist) Unstoppable Hero","(듀얼리스트) 무적의 영웅"
"Allocates Unstoppable Hero if you have the matching modifier on Forbidden Flesh","금단의 살점에 일치하는 속성이 있을 경우 무적의 영웅 할당"
"Allocates Unstoppable Hero if you have the matching modifier on Forbidden Flame","금단의 화염에 일치하는 속성이 있을 경우 무적의 영웅 할당"
"(Duelist) Fortitude","(듀얼리스트) 강건함"
"Allocates Fortitude if you have the matching modifier on Forbidden Flesh","금단의 살점에 일치하는 속성이 있을 경우 강건함 할당"
"Allocates Fortitude if you have the matching modifier on Forbidden Flame","금단의 화염에 일치하는 속성이 있을 경우 강건함 할당"
"(Duelist) Bane of Legends","(듀얼리스트) 전설의 파멸"
"Allocates Bane of Legends if you have the matching modifier on Forbidden Flesh","금단의 살점에 일치하는 속성이 있을 경우 전설의 파멸 할당"
"Allocates Bane of Legends if you have the matching modifier on Forbidden Flame","금단의 화염에 일치하는 속성이 있을 경우 전설의 파멸 할당"
"(Duelist) Outmatch and Outlast","(듀얼리스트) 승자생존"
"Allocates Outmatch and Outlast if you have the matching modifier on Forbidden Flesh","금단의 살점에 일치하는 속성이 있을 경우 승자생존 할당"
"Allocates Outmatch and Outlast if you have the matching modifier on Forbidden Flame","금단의 화염에 일치하는 속성이 있을 경우 승자생존 할당"
"(Duelist) Inspirational","(듀얼리스트) 격려"
"Allocates Inspirational if you have the matching modifier on Forbidden Flesh","금단의 살점에 일치하는 속성이 있을 경우 격려 할당"
"Allocates Inspirational if you have the matching modifier on Forbidden Flame","금단의 화염에 일치하는 속성이 있을 경우 격려 할당"
"(Duelist) Painforged","(듀얼리스트) 고통의 대장간"
"Allocates Painforged if you have the matching modifier on Forbidden Flesh","금단의 살점에 일치하는 속성이 있을 경우 고통의 대장간 할당"
"Allocates Painforged if you have the matching modifier on Forbidden Flame","금단의 화염에 일치하는 속성이 있을 경우 고통의 대장간 할당"
"(Duelist) Gratuitous Violence","(듀얼리스트) 불필요한 폭력"
"Allocates Gratuitous Violence if you have the matching modifier on Forbidden Flesh","금단의 살점에 일치하는 속성이 있을 경우 불필요한 폭력 할당"
"Allocates Gratuitous Violence if you have the matching modifier on Forbidden Flame","금단의 화염에 일치하는 속성이 있을 경우 불필요한 폭력 할당"
"(Duelist) Violent Retaliation","(듀얼리스트) 격렬한 보복"
"Allocates Violent Retaliation if you have the matching modifier on Forbidden Flesh","금단의 살점에 일치하는 속성이 있을 경우 격렬한 보복 할당"
"Allocates Violent Retaliation if you have the matching modifier on Forbidden Flame","금단의 화염에 일치하는 속성이 있을 경우 격렬한 보복 할당"
"(Duelist) Masterful Form","(듀얼리스트) 명인의 형태"
"Allocates Masterful Form if you have the matching modifier on Forbidden Flesh","금단의 살점에 일치하는 속성이 있을 경우 명인의 형태 할당"
"Allocates Masterful Form if you have the matching modifier on Forbidden Flame","금단의 화염에 일치하는 속성이 있을 경우 명인의 형태 할당"
"(Duelist) Blood in the Eyes","(듀얼리스트) 피맺힌 눈"
"Allocates Blood in the Eyes if you have the matching modifier on Forbidden Flesh","금단의 살점에 일치하는 속성이 있을 경우 피맺힌 눈 할당"
"Allocates Blood in the Eyes if you have the matching modifier on Forbidden Flame","금단의 화염에 일치하는 속성이 있을 경우 피맺힌 눈 할당"
"(Duelist) Worthy Foe","(듀얼리스트) 호적수"
"Allocates Worthy Foe if you have the matching modifier on Forbidden Flesh","금단의 살점에 일치하는 속성이 있을 경우 호적수 할당"
"Allocates Worthy Foe if you have the matching modifier on Forbidden Flame","금단의 화염에 일치하는 속성이 있을 경우 호적수 할당"
"(Duelist) Conqueror","(듀얼리스트) 정복자"
"Allocates Conqueror if you have the matching modifier on Forbidden Flesh","금단의 살점에 일치하는 속성이 있을 경우 정복자 할당"
"Allocates Conqueror if you have the matching modifier on Forbidden Flame","금단의 화염에 일치하는 속성이 있을 경우 정복자 할당"
"(Duelist) Brutal Fervour","(듀얼리스트) 잔인한 열정"
"Allocates Brutal Fervour if you have the matching modifier on Forbidden Flesh","금단의 살점에 일치하는 속성이 있을 경우 잔인한 열정 할당"
"Allocates Brutal Fervour if you have the matching modifier on Forbidden Flame","금단의 화염에 일치하는 속성이 있을 경우 잔인한 열정 할당"
"(Duelist) Headsman","(듀얼리스트) 참수자"
"Allocates Headsman if you have the matching modifier on Forbidden Flesh","금단의 살점에 일치하는 속성이 있을 경우 참수자 할당"
"Allocates Headsman if you have the matching modifier on Forbidden Flame","금단의 화염에 일치하는 속성이 있을 경우 참수자 할당"
"(Duelist) Endless Hunger","(듀얼리스트) 끝없는 굶주림"
"Allocates Endless Hunger if you have the matching modifier on Forbidden Flesh","금단의 살점에 일치하는 속성이 있을 경우 끝없는 굶주림 할당"
"Allocates Endless Hunger if you have the matching modifier on Forbidden Flame","금단의 화염에 일치하는 속성이 있을 경우 끝없는 굶주림 할당"
"(Duelist) Overwhelm","(듀얼리스트) 압도"
"Allocates Overwhelm if you have the matching modifier on Forbidden Flesh","금단의 살점에 일치하는 속성이 있을 경우 압도 할당"
"Allocates Overwhelm if you have the matching modifier on Forbidden Flame","금단의 화염에 일치하는 속성이 있을 경우 압도 할당"
"(Witch) Profane Bloom","(위치) 부정한 꽃"
"Allocates Profane Bloom if you have the matching modifier on Forbidden Flesh","금단의 살점에 일치하는 속성이 있을 경우 부정한 꽃 할당"
"Allocates Profane Bloom if you have the matching modifier on Forbidden Flame","금단의 화염에 일치하는 속성이 있을 경우 부정한 꽃 할당"
"(Witch) Frigid Wake","(위치) 차디찬 각성"
"Allocates Frigid Wake if you have the matching modifier on Forbidden Flesh","금단의 살점에 일치하는 속성이 있을 경우 차디찬 각성 할당"
"Allocates Frigid Wake if you have the matching modifier on Forbidden Flame","금단의 화염에 일치하는 속성이 있을 경우 차디찬 각성 할당"
"(Witch) Heart of Destruction","(위치) 파괴의 심장"
"Allocates Heart of Destruction if you have the matching modifier on Forbidden Flesh","금단의 살점에 일치하는 속성이 있을 경우 파괴의 심장 할당"
"Allocates Heart of Destruction if you have the matching modifier on Forbidden Flame","금단의 화염에 일치하는 속성이 있을 경우 파괴의 심장 할당"
"(Witch) Unholy Authority","(위치) 불경한 권위"
"Allocates Unholy Authority if you have the matching modifier on Forbidden Flesh","금단의 살점에 일치하는 속성이 있을 경우 불경한 권위 할당"
"Allocates Unholy Authority if you have the matching modifier on Forbidden Flame","금단의 화염에 일치하는 속성이 있을 경우 불경한 권위 할당"
"(Witch) Nine Lives","(위치) 아홉 목숨"
"Allocates Nine Lives if you have the matching modifier on Forbidden Flesh","금단의 살점에 일치하는 속성이 있을 경우 아홉 목숨 할당"
"Allocates Nine Lives if you have the matching modifier on Forbidden Flame","금단의 화염에 일치하는 속성이 있을 경우 아홉 목숨 할당"
"(Witch) Mindless Aggression","(위치) 이유 없는 공격성"
"Allocates Mindless Aggression if you have the matching modifier on Forbidden Flesh","금단의 살점에 일치하는 속성이 있을 경우 이유 없는 공격성 할당"
"Allocates Mindless Aggression if you have the matching modifier on Forbidden Flame","금단의 화염에 일치하는 속성이 있을 경우 이유 없는 공격성 할당"
"(Witch) Plaguebringer","(위치) 역병운반자"
"Allocates Plaguebringer if you have the matching modifier on Forbidden Flesh","금단의 살점에 일치하는 속성이 있을 경우 역병운반자 할당"
"Allocates Plaguebringer if you have the matching modifier on Forbidden Flame","금단의 화염에 일치하는 속성이 있을 경우 역병운반자 할당"
"(Witch) Corpse Pact","(위치) 시신의 서약"
"Allocates Corpse Pact if you have the matching modifier on Forbidden Flesh","금단의 살점에 일치하는 속성이 있을 경우 시신의 서약 할당"
"Allocates Corpse Pact if you have the matching modifier on Forbidden Flame","금단의 화염에 일치하는 속성이 있을 경우 시신의 서약 할당"
"(Witch) Liege of the Primordial","(위치) 태고의 군주"
"Allocates Liege of the Primordial if you have the matching modifier on Forbidden Flesh","금단의 살점에 일치하는 속성이 있을 경우 태고의 군주 할당"
"Allocates Liege of the Primordial if you have the matching modifier on Forbidden Flame","금단의 화염에 일치하는 속성이 있을 경우 태고의 군주 할당"
"(Witch) Essence Glutton","(위치) 에센스 포식"
"Allocates Essence Glutton if you have the matching modifier on Forbidden Flesh","금단의 살점에 일치하는 속성이 있을 경우 에센스 포식 할당"
"Allocates Essence Glutton if you have the matching modifier on Forbidden Flame","금단의 화염에 일치하는 속성이 있을 경우 에센스 포식 할당"
"(Witch) Mistress of Sacrifice","(위치) 희생의 여주인"
"Allocates Mistress of Sacrifice if you have the matching modifier on Forbidden Flesh","금단의 살점에 일치하는 속성이 있을 경우 희생의 여주인 할당"
"Allocates Mistress of Sacrifice if you have the matching modifier on Forbidden Flame","금단의 화염에 일치하는 속성이 있을 경우 희생의 여주인 할당"
"(Witch) Elemancer","(위치) 원소 골렘술사"
"Allocates Elemancer if you have the matching modifier on Forbidden Flesh","금단의 살점에 일치하는 속성이 있을 경우 원소 골렘술사 할당"
"Allocates Elemancer if you have the matching modifier on Forbidden Flame","금단의 화염에 일치하는 속성이 있을 경우 원소 골렘술사 할당"
"(Witch) Mastermind of Discord","(위치) 불화의 지휘자"
"Allocates Mastermind of Discord if you have the matching modifier on Forbidden Flesh","금단의 살점에 일치하는 속성이 있을 경우 불화의 지휘자 할당"
"Allocates Mastermind of Discord if you have the matching modifier on Forbidden Flame","금단의 화염에 일치하는 속성이 있을 경우 불화의 지휘자 할당"
"(Witch) Shaper of Storms","(위치) 폭풍의 형성자"
"Allocates Shaper of Storms if you have the matching modifier on Forbidden Flesh","금단의 살점에 일치하는 속성이 있을 경우 폭풍의 형성자 할당"
"Allocates Shaper of Storms if you have the matching modifier on Forbidden Flame","금단의 화염에 일치하는 속성이 있을 경우 폭풍의 형성자 할당"
"(Witch) Bastion of Elements","(위치) 원소의 보루"
"Allocates Bastion of Elements if you have the matching modifier on Forbidden Flesh","금단의 살점에 일치하는 속성이 있을 경우 원소의 보루 할당"
"Allocates Bastion of Elements if you have the matching modifier on Forbidden Flame","금단의 화염에 일치하는 속성이 있을 경우 원소의 보루 할당"
"(Witch) Shaper of Flames","(위치) 화염의 형성자"
"Allocates Shaper of Flames if you have the matching modifier on Forbidden Flesh","금단의 살점에 일치하는 속성이 있을 경우 화염의 형성자 할당"
"Allocates Shaper of Flames if you have the matching modifier on Forbidden Flame","금단의 화염에 일치하는 속성이 있을 경우 화염의 형성자 할당"
"(Witch) Forbidden Power","(위치) 금지된 힘"
"Allocates Forbidden Power if you have the matching modifier on Forbidden Flesh","금단의 살점에 일치하는 속성이 있을 경우 금지된 힘 할당"
"Allocates Forbidden Power if you have the matching modifier on Forbidden Flame","금단의 화염에 일치하는 속성이 있을 경우 금지된 힘 할당"
"(Witch) Vile Bastion","(위치) 끔찍한 보루"
"Allocates Vile Bastion if you have the matching modifier on Forbidden Flesh","금단의 살점에 일치하는 속성이 있을 경우 끔찍한 보루 할당"
"Allocates Vile Bastion if you have the matching modifier on Forbidden Flame","금단의 화염에 일치하는 속성이 있을 경우 끔찍한 보루 할당"
"(Witch) Unnatural Strength","(위치) 초자연적인 힘"
"Allocates Unnatural Strength if you have the matching modifier on Forbidden Flesh","금단의 살점에 일치하는 속성이 있을 경우 초자연적인 힘 할당"
"Allocates Unnatural Strength if you have the matching modifier on Forbidden Flame","금단의 화염에 일치하는 속성이 있을 경우 초자연적인 힘 할당"
"(Witch) Void Beacon","(위치) 공허의 등불"
"Allocates Void Beacon if you have the matching modifier on Forbidden Flesh","금단의 살점에 일치하는 속성이 있을 경우 공허의 등불 할당"
"Allocates Void Beacon if you have the matching modifier on Forbidden Flame","금단의 화염에 일치하는 속성이 있을 경우 공허의 등불 할당"
"(Witch) Bone Barrier","(위치) 뼈대 방어막"
"Allocates Bone Barrier if you have the matching modifier on Forbidden Flesh","금단의 살점에 일치하는 속성이 있을 경우 뼈대 방어막 할당"
"Allocates Bone Barrier if you have the matching modifier on Forbidden Flame","금단의 화염에 일치하는 속성이 있을 경우 뼈대 방어막 할당"
"(Witch) Withering Presence","(위치) 고사시키는 존재"
"Allocates Withering Presence if you have the matching modifier on Forbidden Flesh","금단의 살점에 일치하는 속성이 있을 경우 고사시키는 존재 할당"
"Allocates Withering Presence if you have the matching modifier on Forbidden Flame","금단의 화염에 일치하는 속성이 있을 경우 고사시키는 존재 할당"
"(Witch) Commander of Darkness","(위치) 어둠의 사령관"
"Allocates Commander of Darkness if you have the matching modifier on Forbidden Flesh","금단의 살점에 일치하는 속성이 있을 경우 어둠의 사령관 할당"
"Allocates Commander of Darkness if you have the matching modifier on Forbidden Flame","금단의 화염에 일치하는 속성이 있을 경우 어둠의 사령관 할당"
"(Witch) Shaper of Winter","(위치) 겨울의 형성자"
"Allocates Shaper of Winter if you have the matching modifier on Forbidden Flesh","금단의 살점에 일치하는 속성이 있을 경우 겨울의 형성자 할당"
"Allocates Shaper of Winter if you have the matching modifier on Forbidden Flame","금단의 화염에 일치하는 속성이 있을 경우 겨울의 형성자 할당"
"(Scion) Occultist","(사이온) 오컬티스트"
"Allocates Occultist if you have the matching modifier on Forbidden Flesh","금단의 살점에 일치하는 속성이 있을 경우 오컬티스트 할당"
"Allocates Occultist if you have the matching modifier on Forbidden Flame","금단의 화염에 일치하는 속성이 있을 경우 오컬티스트 할당"
"(Scion) Guardian","(사이온) 가디언"
"Allocates Guardian if you have the matching modifier on Forbidden Flesh","금단의 살점에 일치하는 속성이 있을 경우 가디언 할당"
"Allocates Guardian if you have the matching modifier on Forbidden Flame","금단의 화염에 일치하는 속성이 있을 경우 가디언 할당"
"(Scion) Raider","(사이온) 레이더"
"Allocates Raider if you have the matching modifier on Forbidden Flesh","금단의 살점에 일치하는 속성이 있을 경우 레이더 할당"
"Allocates Raider if you have the matching modifier on Forbidden Flame","금단의 화염에 일치하는 속성이 있을 경우 레이더 할당"
"(Scion) Hierophant","(사이온) 하이로펀트"
"Allocates Hierophant if you have the matching modifier on Forbidden Flesh","금단의 살점에 일치하는 속성이 있을 경우 하이로펀트 할당"
"Allocates Hierophant if you have the matching modifier on Forbidden Flame","금단의 화염에 일치하는 속성이 있을 경우 하이로펀트 할당"
"(Scion) Assassin","(사이온) 어쌔신"
"Allocates Assassin if you have the matching modifier on Forbidden Flesh","금단의 살점에 일치하는 속성이 있을 경우 어쌔신 할당"
"Allocates Assassin if you have the matching modifier on Forbidden Flame","금단의 화염에 일치하는 속성이 있을 경우 어쌔신 할당"
"(Scion) Chieftain","(사이온) 치프틴"
"Allocates Chieftain if you have the matching modifier on Forbidden Flesh","금단의 살점에 일치하는 속성이 있을 경우 치프틴 할당"
"Allocates Chieftain if you have the matching modifier on Forbidden Flame","금단의 화염에 일치하는 속성이 있을 경우 치프틴 할당"
"(Scion) Pathfinder","(사이온) 패스파인더"
"Allocates Pathfinder if you have the matching modifier on Forbidden Flesh","금단의 살점에 일치하는 속성이 있을 경우 패스파인더 할당"
"Allocates Pathfinder if you have the matching modifier on Forbidden Flame","금단의 화염에 일치하는 속성이 있을 경우 패스파인더 할당"
"(Scion) Elementalist","(사이온) 엘리멘탈리스트"
"Allocates Elementalist if you have the matching modifier on Forbidden Flesh","금단의 살점에 일치하는 속성이 있을 경우 엘리멘탈리스트 할당"
"Allocates Elementalist if you have the matching modifier on Forbidden Flame","금단의 화염에 일치하는 속성이 있을 경우 엘리멘탈리스트 할당"
"(Scion) Inquisitor","(사이온) 인퀴지터"
"Allocates Inquisitor if you have the matching modifier on Forbidden Flesh","금단의 살점에 일치하는 속성이 있을 경우 인퀴지터 할당"
"Allocates Inquisitor if you have the matching modifier on Forbidden Flame","금단의 화염에 일치하는 속성이 있을 경우 인퀴지터 할당"
"(Scion) Saboteur","(사이온) 사보추어"
"Allocates Saboteur if you have the matching modifier on Forbidden Flesh","금단의 살점에 일치하는 속성이 있을 경우 사보추어 할당"
"Allocates Saboteur if you have the matching modifier on Forbidden Flame","금단의 화염에 일치하는 속성이 있을 경우 사보추어 할당"
"(Scion) Champion","(사이온) 챔피언"
"Allocates Champion if you have the matching modifier on Forbidden Flesh","금단의 살점에 일치하는 속성이 있을 경우 챔피언 할당"
"Allocates Champion if you have the matching modifier on Forbidden Flame","금단의 화염에 일치하는 속성이 있을 경우 챔피언 할당"
"(Scion) Gladiator","(사이온) 글래디에이터"
"Allocates Gladiator if you have the matching modifier on Forbidden Flesh","금단의 살점에 일치하는 속성이 있을 경우 글래디에이터 할당"
"Allocates Gladiator if you have the matching modifier on Forbidden Flame","금단의 화염에 일치하는 속성이 있을 경우 글래디에이터 할당"
"(Scion) Deadeye","(사이온) 데드아이"
"Allocates Deadeye if you have the matching modifier on Forbidden Flesh","금단의 살점에 일치하는 속성이 있을 경우 데드아이 할당"
"Allocates Deadeye if you have the matching modifier on Forbidden Flame","금단의 화염에 일치하는 속성이 있을 경우 데드아이 할당"
"(Scion) Necromancer","(사이온) 네크로맨서"
"Allocates Necromancer if you have the matching modifier on Forbidden Flesh","금단의 살점에 일치하는 속성이 있을 경우 네크로맨서 할당"
"Allocates Necromancer if you have the matching modifier on Forbidden Flame","금단의 화염에 일치하는 속성이 있을 경우 네크로맨서 할당"
"(Scion) Unleashed Potential","(사이온) 해방된 잠재력"
"Allocates Unleashed if you have the matching modifier on Forbidden Flesh","금단의 살점에 일치하는 속성이 있을 경우 해방된 잠재력 할당"
"Allocates Unleashed if you have the matching modifier on Forbidden Flame","금단의 화염에 일치하는 속성이 있을 경우 해방된 잠재력 할당"
"(Scion) Berserker","(사이온) 버서커"
"Allocates Berserker if you have the matching modifier on Forbidden Flesh","금단의 살점에 일치하는 속성이 있을 경우 버서커 할당"
"Allocates Berserker if you have the matching modifier on Forbidden Flame","금단의 화염에 일치하는 속성이 있을 경우 버서커 할당"
"(Scion) Slayer","(사이온) 슬레이어"
"Allocates Slayer if you have the matching modifier on Forbidden Flesh","금단의 살점에 일치하는 속성이 있을 경우 슬레이어 할당"
"Allocates Slayer if you have the matching modifier on Forbidden Flame","금단의 화염에 일치하는 속성이 있을 경우 슬레이어 할당"
"(Scion) Trickster","(사이온) 트릭스터"
"Allocates Trickster if you have the matching modifier on Forbidden Flesh","금단의 살점에 일치하는 속성이 있을 경우 트릭스터 할당"
"Allocates Trickster if you have the matching modifier on Forbidden Flame","금단의 화염에 일치하는 속성이 있을 경우 트릭스터 할당"
"(Scion) Juggernaut","(사이온) 저거넛"
"Allocates Juggernaut if you have the matching modifier on Forbidden Flesh","금단의 살점에 일치하는 속성이 있을 경우 저거넛 할당"
"Allocates Juggernaut if you have the matching modifier on Forbidden Flame","금단의 화염에 일치하는 속성이 있을 경우 저거넛 할당"
"(Templar) Instruments of Virtue","(템플러) 미덕의 도구"
"Allocates  if you have the matching modifier on Forbidden Flesh","금단의 살점에 일치하는 속성이 있을 경우 미덕의 도구 할당"
"Allocates  if you have the matching modifier on Forbidden Flame","금단의 화염에 일치하는 속성이 있을 경우 미덕의 도구 할당"
"(Templar) Sanctuary of Thought","(템플러) 사고의 성역"
"Allocates  if you have the matching modifier on Forbidden Flesh","금단의 살점에 일치하는 속성이 있을 경우 사고의 성역 할당"
"Allocates  if you have the matching modifier on Forbidden Flame","금단의 화염에 일치하는 속성이 있을 경우 사고의 성역 할당"
"(Templar) Pursuit of Faith","(템플러) 믿음의 추구"
"Allocates Pursuit of Faith if you have the matching modifier on Forbidden Flesh","금단의 살점에 일치하는 속성이 있을 경우 믿음의 추구 할당"
"Allocates Pursuit of Faith if you have the matching modifier on Forbidden Flame","금단의 화염에 일치하는 속성이 있을 경우 믿음의 추구 할당"
"(Templar) Divine Guidance","(템플러) 신성한 인도"
"Allocates Divine Guidance if you have the matching modifier on Forbidden Flesh","금단의 살점에 일치하는 속성이 있을 경우 신성한 인도 할당"
"Allocates Divine Guidance if you have the matching modifier on Forbidden Flame","금단의 화염에 일치하는 속성이 있을 경우 신성한 인도 할당"
"(Templar) Righteous Providence","(템플러) 정의로운 섭리"
"Allocates Righteous Providence if you have the matching modifier on Forbidden Flesh","금단의 살점에 일치하는 속성이 있을 경우 정의로운 섭리 할당"
"Allocates Righteous Providence if you have the matching modifier on Forbidden Flame","금단의 화염에 일치하는 속성이 있을 경우 정의로운 섭리 할당"
"(Templar) Radiant Faith","(템플러) 찬란한 믿음"
"Allocates Radiant Faith if you have the matching modifier on Forbidden Flesh","금단의 살점에 일치하는 속성이 있을 경우 찬란한 믿음 할당"
"Allocates Radiant Faith if you have the matching modifier on Forbidden Flame","금단의 화염에 일치하는 속성이 있을 경우 찬란한 믿음 할당"
"(Templar) Instruments of Zeal","(템플러) 열의의 도구"
"Allocates Instruments of Zeal if you have the matching modifier on Forbidden Flesh","금단의 살점에 일치하는 속성이 있을 경우 열의의 도구 할당"
"Allocates Instruments of Zeal if you have the matching modifier on Forbidden Flame","금단의 화염에 일치하는 속성이 있을 경우 열의의 도구 할당"
"(Templar) Sign of Purpose","(템플러) 의지력의 징표"
"Allocates Sign of Purpose if you have the matching modifier on Forbidden Flesh","금단의 살점에 일치하는 속성이 있을 경우 의지력의 징표 할당"
"Allocates Sign of Purpose if you have the matching modifier on Forbidden Flame","금단의 화염에 일치하는 속성이 있을 경우 의지력의 징표 할당"
"(Templar) Augury of Penitence","(템플러) 참회의 조짐"
"Allocates Augury of Penitence if you have the matching modifier on Forbidden Flesh","금단의 살점에 일치하는 속성이 있을 경우 참회의 조짐 할당"
"Allocates Augury of Penitence if you have the matching modifier on Forbidden Flame","금단의 화염에 일치하는 속성이 있을 경우 참회의 조짐 할당"
"(Templar) Searing Purity","(템플러) 이글거리는 순수"
"Allocates Searing Purity if you have the matching modifier on Forbidden Flesh","금단의 살점에 일치하는 속성이 있을 경우 이글거리는 순수 할당"
"Allocates Searing Purity if you have the matching modifier on Forbidden Flame","금단의 화염에 일치하는 속성이 있을 경우 이글거리는 순수 할당"
"(Templar) Unwavering Faith","(템플러) 변함없는 믿음"
"Allocates Unwavering Faith if you have the matching modifier on Forbidden Flesh","금단의 살점에 일치하는 속성이 있을 경우 변함없는 믿음 할당"
"Allocates Unwavering Faith if you have the matching modifier on Forbidden Flame","금단의 화염에 일치하는 속성이 있을 경우 변함없는 믿음 할당"
"(Templar) Sanctuary","(템플러) 성역"
"Allocates Sanctuary if you have the matching modifier on Forbidden Flesh","금단의 살점에 일치하는 속성이 있을 경우 성역 할당"
"Allocates Sanctuary if you have the matching modifier on Forbidden Flame","금단의 화염에 일치하는 속성이 있을 경우 성역 할당"
"(Templar) Radiant Crusade","(템플러) 찬란한 성전"
"Allocates Radiant Crusade if you have the matching modifier on Forbidden Flesh","금단의 살점에 일치하는 속성이 있을 경우 찬란한 성전 할당"
"Allocates Radiant Crusade if you have the matching modifier on Forbidden Flame","금단의 화염에 일치하는 속성이 있을 경우 찬란한 성전 할당"
"(Templar) Pious Path","(템플러) 경건한 길"
"Allocates Pious Path if you have the matching modifier on Forbidden Flesh","금단의 살점에 일치하는 속성이 있을 경우 경건한 길 할당"
"Allocates Pious Path if you have the matching modifier on Forbidden Flame","금단의 화염에 일치하는 속성이 있을 경우 경건한 길 할당"
"(Templar) Arcane Blessing","(템플러) 비전의 축복"
"Allocates Arcane Blessing if you have the matching modifier on Forbidden Flesh","금단의 살점에 일치하는 속성이 있을 경우 비전의 축복 할당"
"Allocates Arcane Blessing if you have the matching modifier on Forbidden Flame","금단의 화염에 일치하는 속성이 있을 경우 비전의 축복 할당"
"(Templar) Illuminated Devotion","(템플러) 빛나는 헌신"
"Allocates Illuminated Devotion if you have the matching modifier on Forbidden Flesh","금단의 살점에 일치하는 속성이 있을 경우 빛나는 헌신 할당"
"Allocates Illuminated Devotion if you have the matching modifier on Forbidden Flame","금단의 화염에 일치하는 속성이 있을 경우 빛나는 헌신 할당"
"(Templar) Ritual of Awakening","(템플러) 각성의 의식"
"Allocates Ritual of Awakening if you have the matching modifier on Forbidden Flesh","금단의 살점에 일치하는 속성이 있을 경우 각성의 의식 할당"
"Allocates Ritual of Awakening if you have the matching modifier on Forbidden Flame","금단의 화염에 일치하는 속성이 있을 경우 각성의 의식 할당"
"(Templar) Unwavering Crusade","(템플러) 변함없는 성전"
"Allocates Unwavering Crusade if you have the matching modifier on Forbidden Flesh","금단의 살점에 일치하는 속성이 있을 경우 변함없는 성전 할당"
"Allocates Unwavering Crusade if you have the matching modifier on Forbidden Flame","금단의 화염에 일치하는 속성이 있을 경우 변함없는 성전 할당"
"(Templar) Bastion of Hope","(템플러) 희망의 보루"
"Allocates Bastion of Hope if you have the matching modifier on Forbidden Flesh","금단의 살점에 일치하는 속성이 있을 경우 희망의 보루 할당"
"Allocates Bastion of Hope if you have the matching modifier on Forbidden Flame","금단의 화염에 일치하는 속성이 있을 경우 희망의 보루 할당"
"(Templar) Inevitable Judgement","(템플러) 피할 수 없는 심판"
"Allocates Inevitable Judgement if you have the matching modifier on Forbidden Flesh","금단의 살점에 일치하는 속성이 있을 경우 피할 수 없는 심판 할당"
"Allocates Inevitable Judgement if you have the matching modifier on Forbidden Flame","금단의 화염에 일치하는 속성이 있을 경우 피할 수 없는 심판 할당"
"(Templar) Conviction of Power","(템플러) 힘의 신념"
"Allocates Conviction of Power if you have the matching modifier on Forbidden Flesh","금단의 살점에 일치하는 속성이 있을 경우 힘의 신념 할당"
"Allocates Conviction of Power if you have the matching modifier on Forbidden Flame","금단의 화염에 일치하는 속성이 있을 경우 힘의 신념 할당"
"(Templar) Harmony of Purpose","(템플러) 의지력의 조화"
"Allocates Harmony of Purpose if you have the matching modifier on Forbidden Flesh","금단의 살점에 일치하는 속성이 있을 경우 의지력의 조화 할당"
"Allocates Harmony of Purpose if you have the matching modifier on Forbidden Flame","금단의 화염에 일치하는 속성이 있을 경우 의지력의 조화 할당"
"(Templar) Time of Need","(템플러) 긴요한 시기"
"Allocates Time of Need if you have the matching modifier on Forbidden Flesh","금단의 살점에 일치하는 속성이 있을 경우 긴요한 시기 할당"
"Allocates Time of Need if you have the matching modifier on Forbidden Flame","금단의 화염에 일치하는 속성이 있을 경우 긴요한 시기 할당"
"(Ranger) Avatar of the Slaughter","(레인저) 살육의 화신"
"Allocates Avatar of the Slaughter if you have the matching modifier on Forbidden Flesh","금단의 살점에 일치하는 속성이 있을 경우 살육의 화신 할당"
"Allocates Avatar of the Slaughter if you have the matching modifier on Forbidden Flame","금단의 화염에 일치하는 속성이 있을 경우 살육의 화신 할당"
"(Ranger) Master Alchemist","(레인저) 일류 연금술사"
"Allocates Master Alchemist if you have the matching modifier on Forbidden Flesh","금단의 살점에 일치하는 속성이 있을 경우 일류 연금술사 할당"
"Allocates Master Alchemist if you have the matching modifier on Forbidden Flame","금단의 화염에 일치하는 속성이 있을 경우 일류 연금술사 할당"
"(Ranger) Nature's Adrenaline","(레인저) 자연의 아드레날린"
"Allocates Nature's Adrenaline if you have the matching modifier on Forbidden Flesh","금단의 살점에 일치하는 속성이 있을 경우 자연의 아드레날린 할당"
"Allocates Nature's Adrenaline if you have the matching modifier on Forbidden Flame","금단의 화염에 일치하는 속성이 있을 경우 자연의 아드레날린 할당"
"(Ranger) Rapid Assault","(레인저) 신속한 공격"
"Allocates Rapid Assault if you have the matching modifier on Forbidden Flesh","금단의 살점에 일치하는 속성이 있을 경우 신속한 공격 할당"
"Allocates Rapid Assault if you have the matching modifier on Forbidden Flame","금단의 화염에 일치하는 속성이 있을 경우 신속한 공격 할당"
"(Ranger) Rupturing","(레인저) 파열의 힘"
"Allocates Rupturing if you have the matching modifier on Forbidden Flesh","금단의 살점에 일치하는 속성이 있을 경우 파열의 힘 할당"
"Allocates Rupturing if you have the matching modifier on Forbidden Flame","금단의 화염에 일치하는 속성이 있을 경우 파열의 힘 할당"
"(Ranger) Fury of Nature","(레인저) 자연의 광분"
"Allocates Fury of Nature if you have the matching modifier on Forbidden Flesh","금단의 살점에 일치하는 속성이 있을 경우 자연의 광분 할당"
"Allocates Fury of Nature if you have the matching modifier on Forbidden Flame","금단의 화염에 일치하는 속성이 있을 경우 자연의 광분 할당"
"(Ranger) Wind Ward","(레인저) 바람 수호"
"Allocates Wind Ward if you have the matching modifier on Forbidden Flesh","금단의 살점에 일치하는 속성이 있을 경우 바람 수호 할당"
"Allocates Wind Ward if you have the matching modifier on Forbidden Flame","금단의 화염에 일치하는 속성이 있을 경우 바람 수호 할당"
"(Ranger) Avatar of the Chase","(레인저) 추적의 화신"
"Allocates Avatar of the Chase if you have the matching modifier on Forbidden Flesh","금단의 살점에 일치하는 속성이 있을 경우 추적의 화신 할당"
"Allocates Avatar of the Chase if you have the matching modifier on Forbidden Flame","금단의 화염에 일치하는 속성이 있을 경우 추적의 화신 할당"
"(Ranger) Nature's Boon","(레인저) 자연의 은혜"
"Allocates Nature's Boon if you have the matching modifier on Forbidden Flesh","금단의 살점에 일치하는 속성이 있을 경우 자연의 은혜 할당"
"Allocates Nature's Boon if you have the matching modifier on Forbidden Flame","금단의 화염에 일치하는 속성이 있을 경우 자연의 은혜 할당"
"(Ranger) Endless Munitions","(레인저) 끝없는 탄약"
"Allocates Endless Munitions if you have the matching modifier on Forbidden Flesh","금단의 살점에 일치하는 속성이 있을 경우 끝없는 탄약 할당"
"Allocates Endless Munitions if you have the matching modifier on Forbidden Flame","금단의 화염에 일치하는 속성이 있을 경우 끝없는 탄약 할당"
"(Ranger) Far Shot","(레인저) 장거리 사격"
"Allocates Far Shot if you have the matching modifier on Forbidden Flesh","금단의 살점에 일치하는 속성이 있을 경우 장거리 사격 할당"
"Allocates Far Shot if you have the matching modifier on Forbidden Flame","금단의 화염에 일치하는 속성이 있을 경우 장거리 사격 할당"
"(Ranger) Ricochet","(레인저) 튕겨 쏘기"
"Allocates Ricochet if you have the matching modifier on Forbidden Flesh","금단의 살점에 일치하는 속성이 있을 경우 튕겨 쏘기 할당"
"Allocates Ricochet if you have the matching modifier on Forbidden Flame","금단의 화염에 일치하는 속성이 있을 경우 튕겨 쏘기 할당"
"(Ranger) Focal Point","(레인저) 집중점"
"Allocates Focal Point if you have the matching modifier on Forbidden Flesh","금단의 살점에 일치하는 속성이 있을 경우 집중점 할당"
"Allocates Focal Point if you have the matching modifier on Forbidden Flame","금단의 화염에 일치하는 속성이 있을 경우 집중점 할당"
"(Ranger) Way of the Poacher","(레인저) 밀렵꾼의 길"
"Allocates Way of the Poacher if you have the matching modifier on Forbidden Flesh","금단의 살점에 일치하는 속성이 있을 경우 밀렵꾼의 길 할당"
"Allocates Way of the Poacher if you have the matching modifier on Forbidden Flame","금단의 화염에 일치하는 속성이 있을 경우 밀렵꾼의 길 할당"
"(Ranger) Avatar of the Veil","(레인저) 장막의 화신"
"Allocates Avatar of the Veil if you have the matching modifier on Forbidden Flesh","금단의 살점에 일치하는 속성이 있을 경우 장막의 화신 할당"
"Allocates Avatar of the Veil if you have the matching modifier on Forbidden Flame","금단의 화염에 일치하는 속성이 있을 경우 장막의 화신 할당"
"(Ranger) Quartz Infusion","(레인저) 석영 주입"
"Allocates Quartz Infusion if you have the matching modifier on Forbidden Flesh","금단의 살점에 일치하는 속성이 있을 경우 석영 주입 할당"
"Allocates Quartz Infusion if you have the matching modifier on Forbidden Flame","금단의 화염에 일치하는 속성이 있을 경우 석영 주입 할당"
"(Ranger) Master Toxicist","(레인저) 일류 독술사"
"Allocates Master Toxicist if you have the matching modifier on Forbidden Flesh","금단의 살점에 일치하는 속성이 있을 경우 일류 독술사 할당"
"Allocates Master Toxicist if you have the matching modifier on Forbidden Flame","금단의 화염에 일치하는 속성이 있을 경우 일류 독술사 할당"
"(Ranger) Nature's Reprisal","(레인저) 자연의 앙갚음"
"Allocates Nature's Reprisal if you have the matching modifier on Forbidden Flesh","금단의 살점에 일치하는 속성이 있을 경우 자연의 앙갚음 할당"
"Allocates Nature's Reprisal if you have the matching modifier on Forbidden Flame","금단의 화염에 일치하는 속성이 있을 경우 자연의 앙갚음 할당"
"(Ranger) Occupying Force","(레인저) 점령군"
"Allocates Occupying Force if you have the matching modifier on Forbidden Flesh","금단의 살점에 일치하는 속성이 있을 경우 점령군 할당"
"Allocates Occupying Force if you have the matching modifier on Forbidden Flame","금단의 화염에 일치하는 속성이 있을 경우 점령군 할당"
"(Ranger) Gathering Winds","(레인저) 몰려드는 바람"
"Allocates Gathering Winds if you have the matching modifier on Forbidden Flesh","금단의 살점에 일치하는 속성이 있을 경우 몰려드는 바람 할당"
"Allocates Gathering Winds if you have the matching modifier on Forbidden Flame","금단의 화염에 일치하는 속성이 있을 경우 몰려드는 바람 할당"
"(Ranger) Master Surgeon","(레인저) 일류 의사"
"Allocates Master Surgeon if you have the matching modifier on Forbidden Flesh","금단의 살점에 일치하는 속성이 있을 경우 일류 의사 할당"
"Allocates Master Surgeon if you have the matching modifier on Forbidden Flame","금단의 화염에 일치하는 속성이 있을 경우 일류 의사 할당"
"(Marauder) Blitz","(머라우더) 공세"
"Allocates Blitz if you have the matching modifier on Forbidden Flesh","금단의 살점에 일치하는 속성이 있을 경우 공세 할당"
"Allocates Blitz if you have the matching modifier on Forbidden Flame","금단의 화염에 일치하는 속성이 있을 경우 공세 할당"
"(Marauder) Arohongui, Moon's Presence","(머라우더) 달의 존재, 아로호누이"
"Allocates Arohongui, Moon's Presence if you have the matching modifier on Forbidden Flesh","금단의 살점에 일치하는 속성이 있을 경우 달의 존재, 아로호누이 할당"
"Allocates Arohongui, Moon's Presence if you have the matching modifier on Forbidden Flame","금단의 화염에 일치하는 속성이 있을 경우 달의 존재, 아로호누이 할당"
"(Marauder) Ramako, Sun's Light","(머라우더) 태양의 빛, 라마코"
"Allocates Ramako, Sun's Light if you have the matching modifier on Forbidden Flesh","금단의 살점에 일치하는 속성이 있을 경우 태양의 빛, 라마코 할당"
"Allocates Ramako, Sun's Light if you have the matching modifier on Forbidden Flame","금단의 화염에 일치하는 속성이 있을 경우 태양의 빛, 라마코 할당"
"(Marauder) Tasalio, Cleansing Water","(머라우더) 물을 정화하는 자, 타살리오"
"Allocates Tasalio, Cleansing Water if you have the matching modifier on Forbidden Flesh","금단의 살점에 일치하는 속성이 있을 경우 물을 정화하는 자, 타살리오 할당"
"Allocates Tasalio, Cleansing Water if you have the matching modifier on Forbidden Flame","금단의 화염에 일치하는 속성이 있을 경우 물을 정화하는 자, 타살리오 할당"
"(Marauder) Unrelenting","(머라우더) 분투"
"Allocates Unrelenting if you have the matching modifier on Forbidden Flesh","금단의 살점에 일치하는 속성이 있을 경우 분투 할당"
"Allocates Unrelenting if you have the matching modifier on Forbidden Flame","금단의 화염에 일치하는 속성이 있을 경우 분투 할당"
"(Marauder) Tukohama, War's Herald","(머라우더) 전쟁의 전령, 투코하마"
"Allocates Tukohama, War's Herald if you have the matching modifier on Forbidden Flesh","금단의 살점에 일치하는 속성이 있을 경우 전쟁의 전령, 투코하마 할당"
"Allocates Tukohama, War's Herald if you have the matching modifier on Forbidden Flame","금단의 화염에 일치하는 속성이 있을 경우 전쟁의 전령, 투코하마 할당"
"(Marauder) Unflinching","(머라우더) 불굴"
"Allocates Unflinching if you have the matching modifier on Forbidden Flesh","금단의 살점에 일치하는 속성이 있을 경우 불굴 할당"
"Allocates Unflinching if you have the matching modifier on Forbidden Flame","금단의 화염에 일치하는 속성이 있을 경우 불굴 할당"
"(Marauder) Unbreakable","(머라우더) 무적"
"Allocates Unbreakable if you have the matching modifier on Forbidden Flesh","금단의 살점에 일치하는 속성이 있을 경우 무적 할당"
"Allocates Unbreakable if you have the matching modifier on Forbidden Flame","금단의 화염에 일치하는 속성이 있을 경우 무적 할당"
"(Marauder) War Bringer","(머라우더) 전쟁 인도자"
"Allocates War Bringer if you have the matching modifier on Forbidden Flesh","금단의 살점에 일치하는 속성이 있을 경우 전쟁 인도자 할당"
"Allocates War Bringer if you have the matching modifier on Forbidden Flame","금단의 화염에 일치하는 속성이 있을 경우 전쟁 인도자 할당"
"(Marauder) Undeniable","(머라우더) 명명백백"
"Allocates Undeniable if you have the matching modifier on Forbidden Flesh","금단의 살점에 일치하는 속성이 있을 경우 명명백백 할당"
"Allocates Undeniable if you have the matching modifier on Forbidden Flame","금단의 화염에 일치하는 속성이 있을 경우 명명백백 할당"
"(Marauder) Valako, Storm's Embrace","(머라우더) 폭풍으로 감싸는 자, 발라코"
"Allocates Valako, Storm's Embrace if you have the matching modifier on Forbidden Flesh","금단의 살점에 일치하는 속성이 있을 경우 폭풍으로 감싸는 자, 발라코 할당"
"Allocates Valako, Storm's Embrace if you have the matching modifier on Forbidden Flame","금단의 화염에 일치하는 속성이 있을 경우 폭풍으로 감싸는 자, 발라코 할당"
"(Marauder) Indomitable Resolve","(머라우더) 불굴의 결의"
"Allocates Indomitable Resolve if you have the matching modifier on Forbidden Flesh","금단의 살점에 일치하는 속성이 있을 경우 불굴의 결의 할당"
"Allocates Indomitable Resolve if you have the matching modifier on Forbidden Flame","금단의 화염에 일치하는 속성이 있을 경우 불굴의 결의 할당"
"(Marauder) Ngamahu, Flame's Advance","(머라우더) 불꽃의 진보, 나마후"
"Allocates Ngamahu, Flame's Advance if you have the matching modifier on Forbidden Flesh","금단의 살점에 일치하는 속성이 있을 경우 불꽃의 진보, 나마후 할당"
"Allocates Ngamahu, Flame's Advance if you have the matching modifier on Forbidden Flame","금단의 화염에 일치하는 속성이 있을 경우 불꽃의 진보, 나마후 할당"
"(Marauder) Unstoppable","(머라우더) 폭주"
"Allocates Unstoppable if you have the matching modifier on Forbidden Flesh","금단의 살점에 일치하는 속성이 있을 경우 폭주 할당"
"Allocates Unstoppable if you have the matching modifier on Forbidden Flame","금단의 화염에 일치하는 속성이 있을 경우 폭주 할당"
"(Marauder) Untiring","(머라우더) 견인불발"
"Allocates Untiring if you have the matching modifier on Forbidden Flesh","금단의 살점에 일치하는 속성이 있을 경우 견인불발 할당"
"Allocates Untiring if you have the matching modifier on Forbidden Flame","금단의 화염에 일치하는 속성이 있을 경우 견인불발 할당"
"(Marauder) Flawless Savagery","(머라우더) 결함 없는 야만성"
"Allocates Flawless Savagery if you have the matching modifier on Forbidden Flesh","금단의 살점에 일치하는 속성이 있을 경우 결함 없는 야만성 할당"
"Allocates Flawless Savagery if you have the matching modifier on Forbidden Flame","금단의 화염에 일치하는 속성이 있을 경우 결함 없는 야만성 할당"
"(Marauder) Defy Pain","(머라우더) 고통 무시"
"Allocates Defy Pain if you have the matching modifier on Forbidden Flesh","금단의 살점에 일치하는 속성이 있을 경우 고통 무시 할당"
"Allocates Defy Pain if you have the matching modifier on Forbidden Flame","금단의 화염에 일치하는 속성이 있을 경우 고통 무시 할당"
"(Marauder) Crave the Slaughter","(머라우더) 살육의 갈망"
"Allocates Crave the Slaughter if you have the matching modifier on Forbidden Flesh","금단의 살점에 일치하는 속성이 있을 경우 살육의 갈망 할당"
"Allocates Crave the Slaughter if you have the matching modifier on Forbidden Flame","금단의 화염에 일치하는 속성이 있을 경우 살육의 갈망 할당"
"(Marauder) Rite of Ruin","(머라우더) 폐허의 의식"
"Allocates Rite of Ruin if you have the matching modifier on Forbidden Flesh","금단의 살점에 일치하는 속성이 있을 경우 폐허의 의식 할당"
"Allocates Rite of Ruin if you have the matching modifier on Forbidden Flame","금단의 화염에 일치하는 속성이 있을 경우 폐허의 의식 할당"
"(Marauder) Tawhoa, Forest's Strength","(머라우더) 숲의 힘, 타호아"
"Allocates Tawhoa, Forest's Strength if you have the matching modifier on Forbidden Flesh","금단의 살점에 일치하는 속성이 있을 경우 숲의 힘, 타호아 할당"
"Allocates Tawhoa, Forest's Strength if you have the matching modifier on Forbidden Flame","금단의 화염에 일치하는 속성이 있을 경우 숲의 힘, 타호아 할당"
"(Marauder) Aspect of Carnage","(머라우더) 학살의 위상"
"Allocates Aspect of Carnage if you have the matching modifier on Forbidden Flesh","금단의 살점에 일치하는 속성이 있을 경우 학살의 위상 할당"
"Allocates Aspect of Carnage if you have the matching modifier on Forbidden Flame","금단의 화염에 일치하는 속성이 있을 경우 학살의 위상 할당"
"(Marauder) Unyielding","(머라우더) 완고"
"Allocates Unyielding if you have the matching modifier on Forbidden Flesh","금단의 살점에 일치하는 속성이 있을 경우 완고 할당"
"Allocates Unyielding if you have the matching modifier on Forbidden Flame","금단의 화염에 일치하는 속성이 있을 경우 완고 할당"
"(Marauder) Hinekora, Death's Fury","(머라우더) 죽음의 광분, 히네코라"
"Allocates Hinekora, Death's Fury if you have the matching modifier on Forbidden Flesh","금단의 살점에 일치하는 속성이 있을 경우 죽음의 광분, 히네코라 할당"
"Allocates Hinekora, Death's Fury if you have the matching modifier on Forbidden Flame","금단의 화염에 일치하는 속성이 있을 경우 죽음의 광분, 히네코라 할당"
"(Shadow) Pyromaniac","(쉐도우) 방화광"
"Allocates Pyromaniac if you have the matching modifier on Forbidden Flesh","금단의 살점에 일치하는 속성이 있을 경우 방화광 할당"
"Allocates Pyromaniac if you have the matching modifier on Forbidden Flame","금단의 화염에 일치하는 속성이 있을 경우 방화광 할당"
"(Shadow) Bomb Specialist","(쉐도우) 폭탄 전문가"
"Allocates Bomb Specialist if you have the matching modifier on Forbidden Flesh","금단의 살점에 일치하는 속성이 있을 경우 폭탄 전문가 할당"
"Allocates Bomb Specialist if you have the matching modifier on Forbidden Flame","금단의 화염에 일치하는 속성이 있을 경우 폭탄 전문가 할당"
"(Shadow) Unstable Infusion","(쉐도우) 불안정한 주입"
"Allocates Unstable Infusion if you have the matching modifier on Forbidden Flesh","금단의 살점에 일치하는 속성이 있을 경우 불안정한 주입 할당"
"Allocates Unstable Infusion if you have the matching modifier on Forbidden Flame","금단의 화염에 일치하는 속성이 있을 경우 불안정한 주입 할당"
"(Shadow) Harness the Void","(쉐도우) 공허의 고삐"
"Allocates Harness the Void if you have the matching modifier on Forbidden Flesh","금단의 살점에 일치하는 속성이 있을 경우 공허의 고삐 할당"
"Allocates Harness the Void if you have the matching modifier on Forbidden Flame","금단의 화염에 일치하는 속성이 있을 경우 공허의 고삐 할당"
"(Shadow) Noxious Strike","(쉐도우) 유독성 일격"
"Allocates Noxious Strike if you have the matching modifier on Forbidden Flesh","금단의 살점에 일치하는 속성이 있을 경우 유독성 일격 할당"
"Allocates Noxious Strike if you have the matching modifier on Forbidden Flame","금단의 화염에 일치하는 속성이 있을 경우 유독성 일격 할당"
"(Shadow) Polymath","(쉐도우) 대학자"
"Allocates Polymath if you have the matching modifier on Forbidden Flesh","금단의 살점에 일치하는 속성이 있을 경우 대학자 할당"
"Allocates Polymath if you have the matching modifier on Forbidden Flame","금단의 화염에 일치하는 속성이 있을 경우 대학자 할당"
"(Shadow) Soul Drinker","(쉐도우) 영혼 흡수자"
"Allocates Soul Drinker if you have the matching modifier on Forbidden Flesh","금단의 살점에 일치하는 속성이 있을 경우 영혼 흡수자 할당"
"Allocates Soul Drinker if you have the matching modifier on Forbidden Flame","금단의 화염에 일치하는 속성이 있을 경우 영혼 흡수자 할당"
"(Shadow) Ambush and Assassinate","(쉐도우) 매복과 암살"
"Allocates Ambush and Assassinate if you have the matching modifier on Forbidden Flesh","금단의 살점에 일치하는 속성이 있을 경우 매복과 암살 할당"
"Allocates Ambush and Assassinate if you have the matching modifier on Forbidden Flame","금단의 화염에 일치하는 속성이 있을 경우 매복과 암살 할당"
"(Shadow) Explosives Expert","(쉐도우) 폭발물 전문가"
"Allocates Explosives Expert if you have the matching modifier on Forbidden Flesh","금단의 살점에 일치하는 속성이 있을 경우 폭발물 전문가 할당"
"Allocates Explosives Expert if you have the matching modifier on Forbidden Flame","금단의 화염에 일치하는 속성이 있을 경우 폭발물 전문가 할당"
"(Shadow) Born in the Shadows","(쉐도우) 어둠의 자식"
"Allocates Born in the Shadows if you have the matching modifier on Forbidden Flesh","금단의 살점에 일치하는 속성이 있을 경우 어둠의 자식 할당"
"Allocates Born in the Shadows if you have the matching modifier on Forbidden Flame","금단의 화염에 일치하는 속성이 있을 경우 어둠의 자식 할당"
"(Shadow) Chain Reaction","(쉐도우) 연쇄 반응"
"Allocates Chain Reaction if you have the matching modifier on Forbidden Flesh","금단의 살점에 일치하는 속성이 있을 경우 연쇄 반응 할당"
"Allocates Chain Reaction if you have the matching modifier on Forbidden Flame","금단의 화염에 일치하는 속성이 있을 경우 연쇄 반응 할당"
"(Shadow) Perfect Crime","(쉐도우) 완전 범죄"
"Allocates Perfect Crime if you have the matching modifier on Forbidden Flesh","금단의 살점에 일치하는 속성이 있을 경우 완전 범죄 할당"
"Allocates Perfect Crime if you have the matching modifier on Forbidden Flame","금단의 화염에 일치하는 속성이 있을 경우 완전 범죄 할당"
"(Shadow) Escape Artist","(쉐도우) 탈출의 명수"
"Allocates Escape Artist if you have the matching modifier on Forbidden Flesh","금단의 살점에 일치하는 속성이 있을 경우 탈출의 명수 할당"
"Allocates Escape Artist if you have the matching modifier on Forbidden Flame","금단의 화염에 일치하는 속성이 있을 경우 탈출의 명수 할당"
"(Shadow) Heartstopper","(쉐도우) 심정지"
"Allocates Heartstopper if you have the matching modifier on Forbidden Flesh","금단의 살점에 일치하는 속성이 있을 경우 심정지 할당"
"Allocates Heartstopper if you have the matching modifier on Forbidden Flame","금단의 화염에 일치하는 속성이 있을 경우 심정지 할당"
"(Shadow) Swift Killer","(쉐도우) 재빠른 살인자"
"Allocates Swift Killer if you have the matching modifier on Forbidden Flesh","금단의 살점에 일치하는 속성이 있을 경우 재빠른 살인자 할당"
"Allocates Swift Killer if you have the matching modifier on Forbidden Flame","금단의 화염에 일치하는 속성이 있을 경우 재빠른 살인자 할당"
"(Shadow) Spellbreaker","(쉐도우) 주문분쇄자"
"Allocates Spellbreaker if you have the matching modifier on Forbidden Flesh","금단의 살점에 일치하는 속성이 있을 경우 주문분쇄자 할당"
"Allocates Spellbreaker if you have the matching modifier on Forbidden Flame","금단의 화염에 일치하는 속성이 있을 경우 주문분쇄자 할당"
"(Shadow) Opportunistic","(쉐도우) 기회주의"
"Allocates Opportunistic if you have the matching modifier on Forbidden Flesh","금단의 살점에 일치하는 속성이 있을 경우 기회주의 할당"
"Allocates Opportunistic if you have the matching modifier on Forbidden Flame","금단의 화염에 일치하는 속성이 있을 경우 기회주의 할당"
"(Shadow) One Step Ahead","(쉐도우) 한발 앞서"
"Allocates One Step Ahead if you have the matching modifier on Forbidden Flesh","금단의 살점에 일치하는 속성이 있을 경우 한발 앞서 할당"
"Allocates One Step Ahead if you have the matching modifier on Forbidden Flame","금단의 화염에 일치하는 속성이 있을 경우 한발 앞서 할당"
"(Shadow) Mistwalker","(쉐도우) 안개 속을 걷는 자"
"Allocates Mistwalker if you have the matching modifier on Forbidden Flesh","금단의 살점에 일치하는 속성이 있을 경우 안개 속을 걷는 자 할당"
"Allocates Mistwalker if you have the matching modifier on Forbidden Flame","금단의 화염에 일치하는 속성이 있을 경우 안개 속을 걷는 자 할당"
"(Shadow) Toxic Delivery","(쉐도우) 맹독성 전달"
"Allocates Toxic Delivery if you have the matching modifier on Forbidden Flesh","금단의 살점에 일치하는 속성이 있을 경우 맹독성 전달 할당"
"Allocates Toxic Delivery if you have the matching modifier on Forbidden Flame","금단의 화염에 일치하는 속성이 있을 경우 맹독성 전달 할당"
"(Shadow) Deadly Infusion","(쉐도우) 치명적인 주입"
"Allocates Deadly Infusion if you have the matching modifier on Forbidden Flesh","금단의 살점에 일치하는 속성이 있을 경우 치명적인 주입 할당"
"Allocates Deadly Infusion if you have the matching modifier on Forbidden Flame","금단의 화염에 일치하는 속성이 있을 경우 치명적인 주입 할당"
"(Shadow) Demolitions Specialist","(쉐도우) 폭파 전문가"
"Allocates Demolitions Specialist if you have the matching modifier on Forbidden Flesh","금단의 살점에 일치하는 속성이 있을 경우 폭파 전문가 할당 할당"
"Allocates Demolitions Specialist if you have the matching modifier on Forbidden Flame","금단의 화염에 일치하는 속성이 있을 경우 폭파 전문가 할당 할당"

"Requires Class Ranger","필요 직업: ^x70FF70레인저^7"
"Requires Class Marauder","필요 직업: ^xE05030머라우더^7"
"Requires Class Shadow","필요 직업: ^x30C0D0쉐도우^7"
"Requires Class Duelist","필요 직업: ^xE0E070듀얼리스트^7"
"Requires Class Witch","필요 직업: ^x7070FF위치^7"
"Requires Class Templar","필요 직업: ^xC040FF템플러^7"
"Requires Class Scion","필요 직업: ^xFFF0F0사이온^7"
