"Essence of Insanity   [Triggers Level 20 Spectral Spirits when Equipped/+3 to maximum number of Spectral Spirits] (Suffix)","광기의 에센스   [장착 시 20레벨 영체 혼백 발동/영체 혼백의 최대 개수 +3] (접미어)"
"Deafening Essence of Anger   [(31-34)% increased Fire Damage] (Suffix)","귀를 찢는 분노의 에센스   [화염 피해 (31-34)% 증가] (접미어)"
"Deafening Essence of Anger   [+(46-48)% to Fire Resistance] (Suffix)","귀를 찢는 분노의 에센스   [화염 저항 +(46-48)%] (접미어)"
"Deafening Essence of Anger   [Adds (149-203) to (302-351) Fire Damage] (Prefix)","귀를 찢는 분노의 에센스   [화염 피해 (149-203)~(302-351) 추가] (접두어)"
"Deafening Essence of Anger   [Adds (80-109) to (162-189) Fire Damage] (Prefix)","귀를 찢는 분노의 에센스   [화염 피해 (80-109)~(162-189) 추가] (접두어)"
"Deafening Essence of Anguish   [(56-60)% chance to Avoid being Ignited] (Suffix)","귀를 찢는 비통의 에센스   [(56-60)%의 확률로 점화 긴급회피] (접미어)"
"Deafening Essence of Anguish   [(9-10)% chance to Avoid Fire Damage from Hits] (Suffix)","귀를 찢는 비통의 에센스   [피격 시 (9-10)% 확률로 화염 피해 긴급회피] (접미어)"
"Deafening Essence of Anguish   [Adds (11-15) to (23-27) Fire Damage to Attacks] (Prefix)","귀를 찢는 비통의 에센스   [공격 시 화염 피해 (11-15)~(23-27) 추가] (접두어)"
"Deafening Essence of Anguish   [Adds (23-27) to (43-48) Fire Damage to Attacks] (Prefix)","귀를 찢는 비통의 에센스   [공격 시 화염 피해 (23-27)~(43-48) 추가] (접두어)"
"Deafening Essence of Anguish   [Adds (41-55) to (81-96) Fire Damage to Attacks] (Prefix)","귀를 찢는 비통의 에센스   [공격 시 화염 피해 (41-55)~(81-96) 추가] (접두어)"
"Deafening Essence of Anguish   [Adds (49-66) to (98-115) Fire Damage to Spells] (Prefix)","귀를 찢는 비통의 에센스   [주문 시전 시 화염 피해 (49-66)~(98-115) 추가] (접두어)"
"Deafening Essence of Anguish   [Adds (66-88) to (132-155) Fire Damage to Spells] (Prefix)","귀를 찢는 비통의 에센스   [주문 시전 시 화염 피해 (66-88)~(132-155) 추가] (접두어)"
"Deafening Essence of Contempt   [Adds (10-11) to (16-17) Physical Damage to Attacks] (Prefix)","귀를 찢는 경멸의 에센스   [공격 시 물리 피해 (10-11)~(16-17) 추가] (접두어)"
"Deafening Essence of Contempt   [Adds (16-18) to (27-30) Physical Damage to Attacks] (Prefix)","귀를 찢는 경멸의 에센스   [공격 시 물리 피해 (16-18)~(27-30) 추가] (접두어)"
"Deafening Essence of Contempt   [Adds (20-26) to (40-47) Physical Damage] (Prefix)","귀를 찢는 경멸의 에센스   [물리 피해 (20-26)~(40-47) 추가] (접두어)"
"Deafening Essence of Contempt   [Adds (31-42) to (65-75) Physical Damage] (Prefix)","귀를 찢는 경멸의 에센스   [물리 피해 (31-42)~(65-75) 추가] (접두어)"
"Deafening Essence of Contempt   [Adds (6-7) to (10-11) Physical Damage to Attacks] (Prefix)","귀를 찢는 경멸의 에센스   [공격 시 물리 피해 (6-7)~(10-11) 추가] (접두어)"
"Deafening Essence of Contempt   [Reflects (151-200) Physical Damage to Melee Attackers] (Prefix)","귀를 찢는 경멸의 에센스   [근접 공격자에게 (151-200)의 물리 피해 반사] (접두어)"
"Deafening Essence of Doubt   [(32-33)% increased Evasion Rating] (Prefix)","귀를 찢는 의심의 에센스   [회피 (32-33)% 증가] (접두어)"
"Deafening Essence of Doubt   [+(121-135) to Evasion Rating] (Prefix)","귀를 찢는 의심의 에센스   [회피 +(121-135)] (접두어)"
"Deafening Essence of Doubt   [+(151-180) to Evasion Rating] (Prefix)","귀를 찢는 의심의 에센스   [회피 +(151-180)] (접두어)"
"Deafening Essence of Doubt   [+(161-180) to Evasion Rating] (Prefix)","귀를 찢는 의심의 에센스   [회피 +(161-180)] (접두어)"
"Deafening Essence of Doubt   [+(301-375) to Evasion Rating] (Prefix)","귀를 찢는 의심의 에센스   [회피 +(301-375)] (접두어)"
"Deafening Essence of Doubt   [+(390-475) to Evasion Rating] (Prefix)","귀를 찢는 의심의 에센스   [회피 +(390-475)] (접두어)"
"Deafening Essence of Doubt   [+(481-600) to Accuracy Rating] (Suffix)","귀를 찢는 의심의 에센스   [정확도 +(481-600)] (접미어)"
"Deafening Essence of Doubt   [+(625-780) to Accuracy Rating] (Suffix)","귀를 찢는 의심의 에센스   [정확도 +(625-780)] (접미어)"
"Deafening Essence of Dread   [(22-25)% increased Impale Effect] (Suffix)","귀를 찢는 불안의 에센스   [꿰뚫기 효과 (22-25)% 증가] (접미어)"
"Deafening Essence of Dread   [(32-33)% increased Armour] (Prefix)","귀를 찢는 불안의 에센스   [방어도 (32-33)% 증가] (접두어)"
"Deafening Essence of Dread   [(35-38)% increased Impale Effect] (Suffix)","귀를 찢는 불안의 에센스   [꿰뚫기 효과 (35-38)% 증가] (접미어)"
"Deafening Essence of Dread   [(47-52)% increased Projectile Speed] (Suffix)","귀를 찢는 불안의 에센스   [투사체 속도 (47-52)% 증가] (접미어)"
"Deafening Essence of Dread   [+(121-135) to Armour] (Prefix)","귀를 찢는 불안의 에센스   [방어도 +(121-135)] (접두어)"
"Deafening Essence of Dread   [+(161-180) to Armour] (Prefix)","귀를 찢는 불안의 에센스   [방어도 +(161-180)] (접두어)"
"Deafening Essence of Dread   [+(201-300) to Armour] (Prefix)","귀를 찢는 불안의 에센스   [방어도 +(201-300)] (접두어)"
"Deafening Essence of Dread   [+(301-375) to Armour] (Prefix)","귀를 찢는 불안의 에센스   [방어도 +(301-375)] (접두어)"
"Deafening Essence of Dread   [+(390-475) to Armour] (Prefix)","귀를 찢는 불안의 에센스   [방어도 +(390-475)] (접두어)"
"Deafening Essence of Dread   [+(481-520) to Armour] (Prefix)","귀를 찢는 불안의 에센스   [방어도 +(481-520)] (접두어)"
"Deafening Essence of Dread   [+2 to Level of Socketed Bow Gems] (Prefix)","귀를 찢는 불안의 에센스   [장착된 활 젬 레벨 +2] (접두어)"
"Deafening Essence of Envy   [(31-34)% increased Chaos Damage] (Suffix)","귀를 찢는 선망의 에센스   [카오스 피해 (31-34)% 증가] (접미어)"
"Deafening Essence of Envy   [+(31-35)% to Chaos Resistance] (Suffix)","귀를 찢는 선망의 에센스   [카오스 저항 +(31-35)%] (접미어)"
"Deafening Essence of Envy   [Adds (23-37) to (49-61) Chaos Damage to Attacks] (Prefix)","귀를 찢는 선망의 에센스   [공격 시 카오스 피해 (23-37)~(49-61) 추가] (접두어)"
"Deafening Essence of Envy   [Adds (53-79) to (101-131) Chaos Damage] (Prefix)","귀를 찢는 선망의 에센스   [카오스 피해 (53-79)~(101-131) 추가] (접두어)"
"Deafening Essence of Envy   [Adds (89-131) to (181-229) Chaos Damage] (Prefix)","귀를 찢는 선망의 에센스   [카오스 피해 (89-131)~(181-229) 추가] (접두어)"
"Deafening Essence of Fear   [(28-30)% increased Minion Accuracy Rating] (Suffix)","귀를 찢는 두려움의 에센스   [소환수 정확도 (28-30)% 증가] (접미어)"
"Deafening Essence of Fear   [Minions deal (123-144)% increased Damage] (Prefix)","귀를 찢는 두려움의 에센스   [소환수가 주는 피해 (123-144)% 증가] (접두어)"
"Deafening Essence of Fear   [Minions deal (28-30)% increased Damage] (Prefix)","귀를 찢는 두려움의 에센스   [소환수가 주는 피해 (28-30)% 증가] (접두어)"
"Deafening Essence of Fear   [Minions deal (83-94)% increased Damage] (Prefix)","귀를 찢는 두려움의 에센스   [소환수가 주는 피해 (83-94)% 증가] (접두어)"
"Deafening Essence of Fear   [Minions have (28-30)% increased maximum Life] (Suffix)","귀를 찢는 두려움의 에센스   [소환수의 최대 생명력 (28-30)% 증가] (접미어)"
"Deafening Essence of Fear   [Minions have (28-30)% increased Movement Speed] (Suffix)","귀를 찢는 두려움의 에센스   [소환수의 이동 속도 (28-30)% 증가] (접미어)"
"Deafening Essence of Greed   [(1.1-1.3)% of Physical Attack Damage Leeched as Life] (Prefix)","귀를 찢는 탐욕의 에센스   [물리 공격 피해의 (1.1-1.3)%를 생명력으로 흡수] (접두어)"
"Deafening Essence of Greed   [(1.1-1.3)% of Physical Attack Damage Leeched as Life] (Prefix)","귀를 찢는 탐욕의 에센스   [물리 공격 피해의 (1.1-1.3)%를 생명력으로 흡수] (접두어)"
"Deafening Essence of Greed   [(32-35)% increased Flask Life Recovery rate] (Prefix)","귀를 찢는 탐욕의 에센스   [플라스크로 얻는 생명력 회복 속도 (32-35)% 증가] (접두어)"
"Deafening Essence of Greed   [+(100-106) to maximum Life] (Prefix)","귀를 찢는 탐욕의 에센스   [생명력 최대치 +(100-106)] (접두어)"
"Deafening Essence of Greed   [+(110-116) to maximum Life] (Prefix)","귀를 찢는 탐욕의 에센스   [생명력 최대치 +(110-116)] (접두어)"
"Deafening Essence of Greed   [+(120-126) to maximum Life] (Prefix)","귀를 찢는 탐욕의 에센스   [생명력 최대치 +(120-126)] (접두어)"
"Deafening Essence of Greed   [+(90-96) to maximum Life] (Prefix)","귀를 찢는 탐욕의 에센스   [생명력 최대치 +(90-96)] (접두어)"
"Deafening Essence of Greed   [Regenerate (48.1-64) Life per second] (Suffix)","귀를 찢는 탐욕의 에센스   [1초마다 생명력 (48.1-64) 재생] (접미어)"
"Deafening Essence of Hatred   [(31-34)% increased Cold Damage] (Suffix)","귀를 찢는 증오의 에센스   [냉기 피해 (31-34)% 증가] (접미어)"
"Deafening Essence of Hatred   [+(46-48)% to Cold Resistance] (Suffix)","귀를 찢는 증오의 에센스   [냉기 저항 +(46-48)%] (접미어)"
"Deafening Essence of Hatred   [Adds (134-184) to (270-313) Cold Damage] (Prefix)","귀를 찢는 증오의 에센스   [냉기 피해 (134-184)~(270-313) 추가] (접두어)"
"Deafening Essence of Hatred   [Adds (73-100) to (147-170) Cold Damage] (Prefix)","귀를 찢는 증오의 에센스   [냉기 피해 (73-100)~(147-170) 추가] (접두어)"
"Deafening Essence of Loathing   [(24-26)% increased Global Critical Strike Chance] (Suffix)","귀를 찢는 혐오의 에센스   [일반 치명타 확률 (24-26)% 증가] (접미어)"
"Deafening Essence of Loathing   [(31-35)% chance to Avoid Elemental Ailments] (Suffix)","귀를 찢는 혐오의 에센스   [(31-35)%의 확률로 원소 상태 이상 긴급회피] (접미어)"
"Deafening Essence of Loathing   [(35-38)% increased Critical Strike Chance] (Suffix)","귀를 찢는 혐오의 에센스   [치명타 확률 (35-38)% 증가] (접미어)"
"Deafening Essence of Loathing   [(36-39)% increased Stun Duration on Enemies] (Suffix)","귀를 찢는 혐오의 에센스   [적에게 적용되는 기절 지속시간 (36-39)% 증가] (접미어)"
"Deafening Essence of Loathing   [(39-42)% increased Global Critical Strike Chance] (Suffix)","귀를 찢는 혐오의 에센스   [일반 치명타 확률 (39-42)% 증가] (접미어)"
"Deafening Essence of Loathing   [(9-10)% increased Mana Reservation Efficiency of Skills] (Suffix)","귀를 찢는 혐오의 에센스   [스킬의 마나 점유 효율 (9-10)% 증가] (접미어)"
"Deafening Essence of Loathing   [+(12-13)% Chance to Block] (Suffix)","귀를 찢는 혐오의 에센스   [막기 확률 +(12-13)%] (접미어)"
"Deafening Essence of Misery   [(0.9-1)% of Physical Attack Damage Leeched as Mana] (Prefix)","귀를 찢는 비참의 에센스   [물리 공격 피해의 (0.9-1)%를 마나로 흡수] (접두어)"
"Deafening Essence of Misery   [(21-25)% increased Flask Mana Recovery rate] (Prefix)","귀를 찢는 비참의 에센스   [플라스크로 얻는 마나 회복 속도 (21-25)% 증가] (접두어)"
"Deafening Essence of Misery   [(29-32)% increased Cast Speed] (Suffix)","귀를 찢는 비참의 에센스   [시전 속도 (29-32)% 증가] (접미어)"
"Deafening Essence of Misery   [(44-49)% increased Cast Speed] (Suffix)","귀를 찢는 비참의 에센스   [시전 속도 (44-49)% 증가] (접미어)"
"Deafening Essence of Misery   [(70-76)% increased Mana Regeneration Rate] (Suffix)","귀를 찢는 비참의 에센스   [마나 재생 속도 (70-76)% 증가] (접미어)"
"Deafening Essence of Misery   [+(69-77) to maximum Mana] (Prefix)","귀를 찢는 비참의 에센스   [마나 최대치 +(69-77)] (접두어)"
"Deafening Essence of Rage   [+(51-58) to Strength] (Suffix)","귀를 찢는 격노의 에센스   [힘 +(51-58)] (접미어)"
"Deafening Essence of Rage   [Damage Penetrates (15-16)% Fire Resistance] (Prefix)","귀를 찢는 격노의 에센스   [피해가 화염 저항 (15-16)% 관통] (접두어)"
"Deafening Essence of Rage   [Damage Penetrates 8% Fire Resistance] (Prefix)","귀를 찢는 격노의 에센스   [피해가 화염 저항 8% 관통] (접두어)"
"Deafening Essence of Scorn   [(110-119)% increased Critical Strike Chance for Spells] (Suffix)","귀를 찢는 멸시의 에센스   [주문 치명타 확률 (110-119)% 증가] (접미어)"
"Deafening Essence of Scorn   [(16-17)% reduced Enemy Stun Threshold] (Suffix)","귀를 찢는 멸시의 에센스   [적 기절 한계치 (16-17)% 감소] (접미어)"
"Deafening Essence of Scorn   [(31-44)% chance to Avoid being Stunned] (Suffix)","귀를 찢는 멸시의 에센스   [(31-44)%의 확률로 기절 긴급회피] (접미어)"
"Deafening Essence of Scorn   [(46-60)% increased Stun Threshold] (Suffix)","귀를 찢는 멸시의 에센스   [기절 한계치 (46-60)% 증가] (접미어)"
"Deafening Essence of Scorn   [+(21-25)% to Global Critical Strike Multiplier] (Suffix)","귀를 찢는 멸시의 에센스   [일반 치명타 피해 배율 +(21-25)%] (접미어)"
"Deafening Essence of Scorn   [+(35-41)% to Global Critical Strike Multiplier] (Suffix)","귀를 찢는 멸시의 에센스   [일반 치명타 피해 배율 +(35-41)%] (접미어)"
"Deafening Essence of Sorrow   [+(51-58) to Dexterity] (Suffix)","귀를 찢는 슬픔의 에센스   [민첩 +(51-58)] (접미어)"
"Deafening Essence of Sorrow   [Damage Penetrates (15-16)% Cold Resistance] (Prefix)","귀를 찢는 슬픔의 에센스   [피해가 냉기 저항 (15-16)% 관통] (접두어)"
"Deafening Essence of Sorrow   [Damage Penetrates 8% Cold Resistance] (Prefix)","귀를 찢는 슬픔의 에센스   [피해가 냉기 저항 8% 관통] (접두어)"
"Deafening Essence of Spite   [+(51-58) to Intelligence] (Suffix)","귀를 찢는 악의의 에센스   [지능 +(51-58)] (접미어)"
"Deafening Essence of Spite   [Damage Penetrates (15-16)% Lightning Resistance] (Prefix)","귀를 찢는 악의의 에센스   [피해가 번개 저항 (15-16)% 관통] (접두어)"
"Deafening Essence of Spite   [Damage Penetrates 8% Lightning Resistance] (Prefix)","귀를 찢는 악의의 에센스   [피해가 번개 저항 8% 관통] (접두어)"
"Deafening Essence of Suffering   [(56-60)% chance to Avoid being Frozen] (Suffix)","귀를 찢는 고통의 에센스   [(56-60)%의 확률로 동결 긴급회피] (접미어)"
"Deafening Essence of Suffering   [(9-10)% chance to Avoid Cold Damage from Hits] (Suffix)","귀를 찢는 고통의 에센스   [피격 시 (9-10)% 확률로 냉기 피해 긴급회피] (접미어)"
"Deafening Essence of Suffering   [Adds (10-13) to (20-24) Cold Damage to Attacks] (Prefix)","귀를 찢는 고통의 에센스   [공격 시 냉기 피해 (10-13)~(20-24) 추가] (접두어)"
"Deafening Essence of Suffering   [Adds (20-24) to (38-44) Cold Damage to Attacks] (Prefix)","귀를 찢는 고통의 에센스   [공격 시 냉기 피해 (20-24)~(38-44) 추가] (접두어)"
"Deafening Essence of Suffering   [Adds (36-50) to (74-86) Cold Damage to Attacks] (Prefix)","귀를 찢는 고통의 에센스   [공격 시 냉기 피해 (36-50)~(74-86) 추가] (접두어)"
"Deafening Essence of Suffering   [Adds (41-54) to (81-93) Cold Damage to Spells] (Prefix)","귀를 찢는 고통의 에센스   [주문 시전 시 냉기 피해 (41-54)~(81-93) 추가] (접두어)"
"Deafening Essence of Suffering   [Adds (61-81) to (120-140) Cold Damage to Spells] (Prefix)","귀를 찢는 고통의 에센스   [주문 시전 시 냉기 피해 (61-81)~(120-140) 추가] (접두어)"
"Deafening Essence of Torment   [(56-60)% chance to Avoid being Shocked] (Suffix)","귀를 찢는 고뇌의 에센스   [(56-60)%의 확률로 감전 긴급회피] (접미어)"
"Deafening Essence of Torment   [(9-10)% chance to Avoid Lightning Damage from Hits] (Suffix)","귀를 찢는 고뇌의 에센스   [피격 시 (9-10)% 확률로 번개 피해 긴급회피] (접미어)"
"Deafening Essence of Torment   [Adds (1-4) to (40-43) Lightning Damage to Attacks] (Prefix)","귀를 찢는 고뇌의 에센스   [공격 시 번개 피해 (1-4)~(40-43) 추가] (접두어)"
"Deafening Essence of Torment   [Adds (4-14) to (170-179) Lightning Damage to Spells] (Prefix)","귀를 찢는 고뇌의 에센스   [주문 시전 시 번개 피해 (4-14)~(170-179) 추가] (접두어)"
"Deafening Essence of Torment   [Adds (4-8) to (71-76) Lightning Damage to Attacks] (Prefix)","귀를 찢는 고뇌의 에센스   [공격 시 번개 피해 (4-8)~(71-76) 추가] (접두어)"
"Deafening Essence of Torment   [Adds (6-13) to (136-155) Lightning Damage to Attacks] (Prefix)","귀를 찢는 고뇌의 에센스   [공격 시 번개 피해 (6-13)~(136-155) 추가] (접두어)"
"Deafening Essence of Torment   [Adds (7-20) to (255-270) Lightning Damage to Spells] (Prefix)","귀를 찢는 고뇌의 에센스   [주문 시전 시 번개 피해 (7-20)~(255-270) 추가] (접두어)"
"Deafening Essence of Woe   [(123-144)% increased Spell Damage] (Prefix)","귀를 찢는 비애의 에센스   [주문 피해 (123-144)% 증가] (접두어)"
"Deafening Essence of Woe   [(18-19)% increased maximum Energy Shield] (Prefix)","귀를 찢는 비애의 에센스   [에너지 보호막 최대치 (18-19)% 증가] (접두어)"
"Deafening Essence of Woe   [(43-50)% increased Damage with Bow Skills] (Prefix)","귀를 찢는 비애의 에센스   [활 스킬로 주는 피해 (43-50)% 증가] (접두어)"
"Deafening Essence of Woe   [(83-94)% increased Spell Damage] (Prefix)","귀를 찢는 비애의 에센스   [주문 피해 (83-94)% 증가] (접두어)"
"Deafening Essence of Woe   [+(38-43) to maximum Energy Shield] (Prefix)","귀를 찢는 비애의 에센스   [에너지 보호막 최대치 +(38-43)] (접두어)"
"Deafening Essence of Woe   [+(38-45) to maximum Energy Shield] (Prefix)","귀를 찢는 비애의 에센스   [에너지 보호막 최대치 +(38-45)] (접두어)"
"Deafening Essence of Woe   [+(44-47) to maximum Energy Shield] (Prefix)","귀를 찢는 비애의 에센스   [에너지 보호막 최대치 +(44-47)] (접두어)"
"Deafening Essence of Woe   [+(52-58) to maximum Energy Shield] (Prefix)","귀를 찢는 비애의 에센스   [에너지 보호막 최대치 +(52-58)] (접두어)"
"Deafening Essence of Woe   [+(75-85) to maximum Energy Shield] (Prefix)","귀를 찢는 비애의 에센스   [에너지 보호막 최대치 +(75-85)] (접두어)"
"Deafening Essence of Woe   [+(88-95) to maximum Energy Shield] (Prefix)","귀를 찢는 비애의 에센스   [에너지 보호막 최대치 +(88-95)] (접두어)"
"Deafening Essence of Wrath   [(31-34)% increased Lightning Damage] (Suffix)","귀를 찢는 진노의 에센스   [번개 피해 (31-34)% 증가] (접미어)"
"Deafening Essence of Wrath   [+(46-48)% to Lightning Resistance] (Suffix)","귀를 찢는 진노의 에센스   [번개 저항 +(46-48)%] (접미어)"
"Deafening Essence of Wrath   [Adds (13-19) to (266-310) Lightning Damage] (Prefix)","귀를 찢는 진노의 에센스   [번개 피해 (13-19)~(266-310) 추가] (접두어)"
"Deafening Essence of Wrath   [Adds (25-34) to (494-575) Lightning Damage] (Prefix)","귀를 찢는 진노의 에센스   [번개 피해 (25-34)~(494-575) 추가] (접두어)"
"Deafening Essence of Zeal   [(13-15)% increased Attack Speed] (Suffix)","귀를 찢는 열의의 에센스   [공격 속도 (13-15)% 증가] (접미어)"
"Deafening Essence of Zeal   [(15-16)% increased Cast Speed] (Suffix)","귀를 찢는 열의의 에센스   [시전 속도 (15-16)% 증가] (접미어)"
"Deafening Essence of Zeal   [(17-18)% increased Attack Speed] (Suffix)","귀를 찢는 열의의 에센스   [공격 속도 (17-18)% 증가] (접미어)"
"Deafening Essence of Zeal   [(17-18)% increased Attack Speed] (Suffix)","귀를 찢는 열의의 에센스   [공격 속도 (17-18)% 증가] (접미어)"
"Deafening Essence of Zeal   [(17-20)% increased Cast Speed] (Suffix)","귀를 찢는 열의의 에센스   [시전 속도 (17-20)% 증가] (접미어)"
"Deafening Essence of Zeal   [(18-21)% increased Trap and Mine Throwing Speed] (Suffix)","귀를 찢는 열의의 에센스   [덫과 지뢰 투척 속도 (18-21)% 증가] (접미어)"
"Deafening Essence of Zeal   [(28-30)% increased Attack Speed] (Suffix)","귀를 찢는 열의의 에센스   [공격 속도 (28-30)% 증가] (접미어)"
"Deafening Essence of Zeal   [(29-34)% increased Stun and Block Recovery] (Suffix)","귀를 찢는 열의의 에센스   [기절 및 막기 회복 (29-34)% 증가] (접미어)"
"Deafening Essence of Zeal   [(31-35)% increased Warcry Speed] (Suffix)","귀를 찢는 열의의 에센스   [함성 속도 (31-35)% 증가] (접미어)"
"Deafening Essence of Zeal   [(36-45)% increased Totem Placement speed] (Suffix)","귀를 찢는 열의의 에센스   [토템 설치 속도 (36-45)% 증가] (접미어)"
"Deafening Essence of Zeal   [32% increased Movement Speed] (Prefix)","귀를 찢는 열의의 에센스   [이동 속도 32% 증가] (접두어)"
"Essence of Delirium   [(6-7)% Chance to Block Spell Damage] (Suffix)","섬망의 에센스   [(6-7)%의 확률로 주문 피해를 막아냄] (접미어)"
"Essence of Delirium   [+(12-15)% to Damage over Time Multiplier] (Suffix)","섬망의 에센스   [지속 피해 배율 +(12-15)%] (접미어)"
"Essence of Delirium   [+15% Chance to Block Spell Damage while on Low Life] (Suffix)","섬망의 에센스   [낮은 생명력 상태일 때 주문 피해 막기 확률 +15%] (접미어)"
"Essence of Delirium   [+2 to Level of Socketed Aura Gems] (Suffix)","섬망의 에센스   [장착된 오라 젬 레벨 +2] (접미어)"
"Essence of Delirium   [+50% to Chaos Resistance during any Flask Effect] (Suffix)","섬망의 에센스   [아무 플라스크나 효과를 받는 동안 카오스 저항 +50%] (접미어)"
"Essence of Delirium   [25% increased Effect of your Marks] (Suffix)","섬망의 에센스   [플레이어의 징표 효과 25% 증가] (접미어)"
"Essence of Delirium   [25% reduced Chaos Damage taken over time] (Suffix)","섬망의 에센스   [받는 지속 카오스 피해 25% 감소] (접미어)"
"Essence of Delirium   [Cannot be Poisoned] (Suffix)","섬망의 에센스   [중독될 수 없음] (접미어)"
"Essence of Delirium   [Socketed Gems deal 30% more Damage over Time] (Suffix)","섬망의 에센스   [장착된 젬 스킬이 주는 지속 피해 30% 증폭] (접미어)"
"Essence of Delirium   [Your Hits inflict Decay, dealing 700 Chaos Damage per second for 8 seconds] (Suffix)","섬망의 에센스   [명중 시 8초 동안 1초마다 700 카오스 피해를 주는 부패 유발] (접미어)"
"Essence of Horror   [(15-25)% chance to Crush on Hit] (Suffix)","경악의 에센스   [명중 시 (15-25)%의 확률로 타쇄] (접미어)"
"Essence of Horror   [15% of Physical Damage from Hits taken as Cold Damage] (Prefix)","경악의 에센스   [피격 시 물리 피해의 15%를 냉기 피해로 받음] (접두어)"
"Essence of Horror   [16% chance to gain a Power, Frenzy or Endurance Charge on Kill] (Suffix)","경악의 에센스   [처치 시 16%의 확률로 권능, 격분 또는 인내 충전 획득] (접미어)"
"Essence of Horror   [4 to 7 Added Cold Damage per Frenzy Charge] (Prefix)","경악의 에센스   [격분 충전 하나당 냉기 피해 4~7 추가] (접두어)"
"Essence of Horror   [5% reduced Elemental Damage Taken while stationary] (Suffix)","경악의 에센스   [정지 상태일 때 받는 원소 피해 5% 감소] (접미어)"
"Essence of Horror   [8 to 12 Added Cold Damage per Frenzy Charge] (Suffix)","경악의 에센스   [격분 충전 하나당 냉기 피해 8~12 추가] (접미어)"
"Essence of Horror   [Chill Nearby Enemies when you Block] (Suffix)","경악의 에센스   [막아낼 시 주변의 적 냉각] (접미어)"
"Essence of Horror   [Gain Alchemist's Genius when you use a Flask] (Suffix)","경악의 에센스   [플라스크 사용 시 연금술사의 천재성 획득] (접미어)"
"Essence of Horror   [Socketed Gems deal 30% more Elemental Damage] (Suffix)","경악의 에센스   [장착된 젬 스킬이 주는 원소 피해 30% 증폭] (접미어)"
"Essence of Horror   [Socketed Gems have +3.5% Critical Strike Chance] (Suffix)","경악의 에센스   [장착된 젬의 치명타 확률 +3.5%] (접미어)"
"Essence of Hysteria   [150% increased total Recovery per second from Life Leech] (Suffix)","발작의 에센스   [생명력 흡수로 인한 초당 총 회복량 150% 증가] (접미어)"
"Essence of Hysteria   [25% increased Area of Effect] (Suffix)","발작의 에센스   [효과 범위 25% 증가] (접미어)"
"Essence of Hysteria   [Adds 60 to 100 Fire Damage if you've Blocked Recently] (Suffix)","발작의 에센스   [최근 4초 이내 막아낸 경우 화염 피해 60~100 추가] (접미어)"
"Essence of Hysteria   [Cast Level 20 Fire Burst on Hit] (Suffix)","발작의 에센스   [명중 시 20레벨 화염 격발 시전] (접미어)"
"Essence of Hysteria   [Damage Penetrates 5% Elemental Resistances during any Flask Effect] (Suffix)","발작의 에센스   [아무 플라스크나 효과를 받는 동안 5%의 원소 저항 관통] (접미어)"
"Essence of Hysteria   [Drops Burning Ground while moving, dealing 2500 Fire Damage per second for 4 seconds] (Suffix)","발작의 에센스   [이동 중 용암 지대를 생성하여 4초 동안 1초마다 2500의 화염 피해를 줌] (접미어)"
"Essence of Hysteria   [Gain 10% of Physical Damage as Extra Fire Damage] (Prefix)","발작의 에센스   [물리 피해의 10%를 추가 화염 피해로 획득] (접두어)"
"Essence of Hysteria   [Gain 15% of Physical Damage as Extra Fire Damage] (Prefix)","발작의 에센스   [물리 피해의 15%를 추가 화염 피해로 획득] (접두어)"
"Essence of Hysteria   [Socketed Gems deal 175 to 225 Added Fire Damage] (Suffix)","발작의 에센스   [장착된 젬 스킬이 화염 피해 175~225 추가] (접미어)"
"Essence of Hysteria   [Socketed Gems deal 30% more Damage while on Low Life] (Suffix)","발작의 에센스   [낮은 생명력 상태일 때 장착된 젬 스킬로 주는 피해 30% 증폭] (접미어)"
"Essence of Insanity   [10% chance to Recover 10% of Mana when you use a Skill] (Suffix)","광기의 에센스   [스킬 사용 시 10%의 확률로 마나의 10% 회복] (접미어)"
"Essence of Insanity   [10% increased Movement Speed during any Flask Effect] (Suffix)","광기의 에센스   [아무 플라스크나 효과를 받는 동안 이동 속도 10% 증가] (접미어)"
"Essence of Insanity   [25% chance to gain a Power Charge when you Block] (Suffix)","광기의 에센스   [막아낼 시 25%의 확률로 권능 충전 획득] (접미어)"
"Essence of Insanity   [70% increased Mana Regeneration Rate while Shocked] (Suffix)","광기의 에센스   [감전 상태일 때 마나 재생 속도 70% 증가] (접미어)"
"Essence of Insanity   [Projectiles Pierce 2 additional Targets] (Prefix)","광기의 에센스   [투사체가 대상 2개를 추가 관통] (접두어)"
"Essence of Insanity   [Socketed Gems gain 50% of Physical Damage as extra Lightning Damage] (Suffix)","광기의 에센스   [장착된 젬이 물리 피해의 50%를 추가 번개 피해로 획득] (접미어)"
"Essence of Insanity   [Socketed Gems have 16% more Attack and Cast Speed] (Suffix)","광기의 에센스   [장착된 젬의 공격 및 시전 속도 16% 증폭] (접미어)"



"Essence of Insanity   [You and your Minions take 40% reduced Reflected Damage] (Suffix)","광기의 에센스   [자신 및 소환수가 반사로 받는 피해 40% 감소] (접미어)"
"Essence of Insanity   [You gain Onslaught for 6 seconds when Hit] (Suffix)","광기의 에센스   [피격 시 6초 동안 맹공 획득] (접미어)"
"Muttering Essence of Anger   [(11-14)% increased Fire Damage] (Suffix)","불평하는 분노의 에센스   [화염 피해 (11-14)% 증가] (접미어)"
"Muttering Essence of Anger   [+(12-17)% to Fire Resistance] (Suffix)","불평하는 분노의 에센스   [화염 저항 +(12-17)%] (접미어)"
"Muttering Essence of Anger   [Adds (14-20) to (29-33) Fire Damage] (Prefix)","불평하는 분노의 에센스   [화염 피해 (14-20)~(29-33) 추가] (접두어)"
"Muttering Essence of Anger   [Adds (8-10) to (15-18) Fire Damage] (Prefix)","불평하는 분노의 에센스   [화염 피해 (8-10)~(15-18) 추가] (접두어)"
"Muttering Essence of Contempt   [Adds (2-3) to (4-5) Physical Damage to Attacks] (Prefix)","불평하는 경멸의 에센스   [공격 시 물리 피해 (2-3)~(4-5) 추가] (접두어)"
"Muttering Essence of Contempt   [Adds (4-5) to (8-9) Physical Damage] (Prefix)","불평하는 경멸의 에센스   [물리 피해 (4-5)~(8-9) 추가] (접두어)"
"Muttering Essence of Contempt   [Adds (6-8) to (12-15) Physical Damage] (Prefix)","불평하는 경멸의 에센스   [물리 피해 (6-8)~(12-15) 추가] (접두어)"
"Muttering Essence of Contempt   [Reflects (5-10) Physical Damage to Melee Attackers] (Prefix)","불평하는 경멸의 에센스   [근접 공격자에게 (5-10)의 물리 피해 반사] (접두어)"
"Muttering Essence of Fear   [(13-15)% increased Minion Accuracy Rating] (Suffix)","불평하는 두려움의 에센스   [소환수 정확도 (13-15)% 증가] (접두어)"
"Muttering Essence of Fear   [Minions deal (13-15)% increased Damage] (Prefix)","불평하는 두려움의 에센스   [소환수가 주는 피해 (13-15)% 증가] (접두어)"
"Muttering Essence of Fear   [Minions deal (20-29)% increased Damage] (Prefix)","불평하는 두려움의 에센스   [소환수가 주는 피해 (20-29)% 증가] (접두어)"
"Muttering Essence of Fear   [Minions deal (30-44)% increased Damage] (Prefix)","불평하는 두려움의 에센스   [소환수가 주는 피해 (30-44)% 증가] (접두어)"
"Muttering Essence of Fear   [Minions have (13-15)% increased maximum Life] (Suffix)","불평하는 두려움의 에센스   [소환수의 최대 생명력 (13-15)% 증가] (접미어)"
"Muttering Essence of Fear   [Minions have (13-15)% increased Movement Speed] (Suffix)","불평하는 두려움의 에센스   [소환수의 이동 속도 (13-15)% 증가] (접미어)"
"Muttering Essence of Greed   [(0.6-0.8)% of Physical Attack Damage Leeched as Life] (Prefix)","불평하는 탐욕의 에센스   [물리 공격 피해의 (0.6-0.8)%를 생명력으로 흡수] (접두어)"
"Muttering Essence of Greed   [(0.6-0.8)% of Physical Attack Damage Leeched as Life] (Prefix)","불평하는 탐욕의 에센스   [물리 공격 피해의 (0.6-0.8)%를 생명력으로 흡수] (접두어)"
"Muttering Essence of Greed   [(12-15)% increased Flask Life Recovery rate] (Prefix)","불평하는 탐욕의 에센스   [플라스크로 얻는 생명력 회복 속도 (12-15)% 증가] (접두어)"
"Muttering Essence of Greed   [+(15-30) to maximum Life] (Prefix)","불평하는 탐욕의 에센스   [생명력 최대치 +(15-30)] (접두어)"
"Muttering Essence of Greed   [Regenerate (2.1-8) Life per second] (Suffix)","불평하는 탐욕의 에센스   [1초마다 생명력 (2.1-8) 재생] (접미어)"
"Muttering Essence of Hatred   [(11-14)% increased Cold Damage] (Suffix)","불평하는 증오의 에센스   [냉기 피해 (11-14)% 증가] (접미어)"
"Muttering Essence of Hatred   [+(12-17)% to Cold Resistance] (Suffix)","불평하는 증오의 에센스   [냉기 저항 +(12-17)%] (접미어)"
"Muttering Essence of Hatred   [Adds (12-17) to (26-30) Cold Damage] (Prefix)","불평하는 증오의 에센스   [냉기 피해 (12-17)~(26-30) 추가] (접두어)"
"Muttering Essence of Hatred   [Adds (7-9) to (14-16) Cold Damage] (Prefix)","불평하는 증오의 에센스   [냉기 피해 (7-9)~(14-16) 추가] (접두어)"
"Muttering Essence of Sorrow   [+(13-17) to Dexterity] (Suffix)","불평하는 슬픔의 에센스   [민첩 +(13-17)] (접미어)] (접두어)"
"Muttering Essence of Sorrow   [Damage Penetrates (5-6)% Cold Resistance] (Prefix)","불평하는 슬픔의 에센스   [피해가 냉기 저항 (5-6)% 관통] (접두어)"
"Muttering Essence of Sorrow   [Damage Penetrates 3% Cold Resistance] (Prefix)","불평하는 슬픔의 에센스   [피해가 냉기 저항 3% 관통] (접두어)"
"Muttering Essence of Torment   [(35-38)% chance to Avoid being Shocked] (Suffix)","불평하는 고뇌의 에센스   [(35-38)%의 확률로 감전 긴급회피] (접미어)"
"Muttering Essence of Torment   [(4-5)% chance to Avoid Lightning Damage from Hits] (Suffix)","불평하는 고뇌의 에센스   [피격 시 (4-5)% 확률로 번개 피해 긴급회피] (접미어)"
"Muttering Essence of Torment   [Adds (1-2) to (21-22) Lightning Damage to Spells] (Prefix)","불평하는 고뇌의 에센스   [주문 시전 시 번개 피해 (1-2)~(21-22) 추가] (접두어)"
"Muttering Essence of Torment   [Adds (1-3) to (32-34) Lightning Damage to Spells] (Prefix)","불평하는 고뇌의 에센스   [주문 시전 시 번개 피해 (1-3)~(32-34) 추가] (접두어)"
"Muttering Essence of Torment   [Adds 1 to (14-15) Lightning Damage to Attacks] (Prefix)","불평하는 고뇌의 에센스   [공격 시 번개 피해 1~(14-15) 추가] (접두어)"
"Muttering Essence of Torment   [Adds 1 to 5 Lightning Damage to Attacks] (Prefix)","불평하는 고뇌의 에센스   [공격 시 번개 피해 1~5 추가] (접두어)"
"Muttering Essence of Torment   [Adds 2 to (16-18) Lightning Damage to Attacks] (Prefix)","불평하는 고뇌의 에센스   [공격 시 번개 피해 2~(16-18) 추가] (접두어)"
"Muttering Essence of Woe   [(11-20)% increased Damage with Bow Skills] (Prefix)","불평하는 비애의 에센스   [활 스킬로 주는 피해 (11-20)% 증가] (접두어)"
"Muttering Essence of Woe   [(20-29)% increased Spell Damage] (Prefix)","불평하는 비애의 에센스   [주문 피해 (20-29)% 증가] (접두어)"
"Muttering Essence of Woe   [(30-44)% increased Spell Damage] (Prefix)","불평하는 비애의 에센스   [주문 피해 (30-44)% 증가] (접두어)"
"Muttering Essence of Woe   [(5-7)% increased maximum Energy Shield] (Prefix)","불평하는 비애의 에센스   [에너지 보호막 최대치 (5-7)% 증가] (접두어)"
"Muttering Essence of Woe   [+(4-8) to maximum Energy Shield] (Prefix)","불평하는 비애의 에센스   [에너지 보호막 최대치 +(4-8)] (접두어)"
"Muttering Essence of Woe   [+(6-11) to maximum Energy Shield] (Prefix)","불평하는 비애의 에센스   [에너지 보호막 최대치 +(6-11)] (접두어)"
"Remnant of Corruption   [Corrupts the Essences trapping a monster, modifying them unpredictably]","타락의 유물   [에센스에 사로잡힌 몬스터를 타락시키며 예측 불가능한 속성 부여]"
"Screaming Essence of Anger   [(23-26)% increased Fire Damage] (Suffix)","절규하는 분노의 에센스   [화염 피해 (23-26)% 증가] (접미어)"
"Screaming Essence of Anger   [+(36-41)% to Fire Resistance] (Suffix)","절규하는 분노의 에센스   [화염 저항 +(36-41)%] (접미어)"
"Screaming Essence of Anger   [Adds (110-150) to (223-260) Fire Damage] (Prefix)","절규하는 분노의 에센스   [화염 피해 (110-150)~(223-260) 추가] (접두어)"
"Screaming Essence of Anger   [Adds (59-81) to (120-140) Fire Damage] (Prefix)","절규하는 분노의 에센스   [화염 피해 (59-81)~(120-140) 추가] (접두어)"
"Screaming Essence of Anguish   [(47-50)% chance to Avoid being Ignited] (Suffix)","절규하는 비통의 에센스   [(47-50)%의 확률로 점화 긴급회피] (접미어)"
"Screaming Essence of Anguish   [(7-8)% chance to Avoid Fire Damage from Hits] (Suffix)","절규하는 비통의 에센스   [피격 시 (7-8)% 확률로 화염 피해 긴급회피] (접미어)"
"Screaming Essence of Anguish   [Adds (16-22) to (32-38) Fire Damage to Attacks] (Prefix)","절규하는 비통의 에센스   [공격 시 화염 피해 (16-22)~(32-38) 추가] (접두어)"
"Screaming Essence of Anguish   [Adds (27-35) to (53-62) Fire Damage to Attacks] (Prefix)","절규하는 비통의 에센스   [공격 시 화염 피해 (27-35)~(53-62) 추가] (접두어)"
"Screaming Essence of Anguish   [Adds (31-42) to (64-73) Fire Damage to Spells] (Prefix)","절규하는 비통의 에센스   [주문 시전 시 화염 피해 (31-42)~(64-73) 추가] (접두어)"
"Screaming Essence of Anguish   [Adds (42-56) to (85-99) Fire Damage to Spells] (Prefix)","절규하는 비통의 에센스   [주문 시전 시 화염 피해 (42-56)~(85-99) 추가] (접두어)"
"Screaming Essence of Anguish   [Adds (7-10) to (15-18) Fire Damage to Attacks] (Prefix)","절규하는 비통의 에센스   [공격 시 화염 피해 (7-10)~(15-18) 추가] (접두어)"
"Screaming Essence of Contempt   [Adds (13-18) to (27-31) Physical Damage] (Prefix)","절규하는 경멸의 에센스   [물리 피해 (13-18)~(27-31) 추가] (접두어)"
"Screaming Essence of Contempt   [Adds (20-28) to (43-51) Physical Damage] (Prefix)","절규하는 경멸의 에센스   [물리 피해 (20-28)~(43-51) 추가] (접두어)"
"Screaming Essence of Contempt   [Adds (4-5) to (8-9) Physical Damage to Attacks] (Prefix)","절규하는 경멸의 에센스   [공격 시 물리 피해 (4-5)~(8-9) 추가] (접두어)"
"Screaming Essence of Contempt   [Adds (6-8) to (12-13) Physical Damage to Attacks] (Prefix)","절규하는 경멸의 에센스   [공격 시 물리 피해 (6-8)~(12-13) 추가] (접두어)"
"Screaming Essence of Contempt   [Adds (9-12) to (19-22) Physical Damage to Attacks] (Prefix)","절규하는 경멸의 에센스   [공격 시 물리 피해 (9-12)~(19-22) 추가] (접두어)"
"Screaming Essence of Contempt   [Reflects (51-100) Physical Damage to Melee Attackers] (Prefix)","절규하는 경멸의 에센스   [근접 공격자에게 (51-100)의 물리 피해 반사] (접두어)"
"Screaming Essence of Doubt   [(24-28)% increased Evasion Rating] (Prefix)","절규하는 의심의 에센스   [회피 (24-28)% 증가] (접두어)"
"Screaming Essence of Doubt   [+(121-140) to Evasion Rating] (Prefix)","절규하는 의심의 에센스   [회피 +(121-140)] (접두어)"
"Screaming Essence of Doubt   [+(151-200) to Evasion Rating] (Prefix)","절규하는 의심의 에센스   [회피 +(151-200)] (접두어)"
"Screaming Essence of Doubt   [+(151-225) to Evasion Rating] (Prefix)","절규하는 의심의 에센스   [회피 +(151-225)] (접두어)"
"Screaming Essence of Doubt   [+(251-350) to Accuracy Rating] (Suffix)","절규하는 의심의 에센스   [정확도 +(251-350)] (접미어)"
"Screaming Essence of Doubt   [+(326-455) to Accuracy Rating] (Suffix)","절규하는 의심의 에센스   [정확도 +(326-455)] (접미어)"
"Screaming Essence of Doubt   [+(81-120) to Evasion Rating] (Prefix)","절규하는 의심의 에센스   [회피 +(81-120)] (접두어)"
"Screaming Essence of Doubt   [+(91-105) to Evasion Rating] (Prefix)","절규하는 의심의 에센스   [회피 +(91-105)] (접두어)"
"Screaming Essence of Dread   [(12-16)% increased Impale Effect] (Suffix)","절규하는 불안의 에센스   [꿰뚫기 효과 (12-16)% 증가] (접미어)"
"Screaming Essence of Dread   [(24-28)% increased Armour] (Prefix)","절규하는 불안의 에센스   [방어도 (24-28)% 증가] (접두어)"
"Screaming Essence of Dread   [(25-29)% increased Impale Effect] (Suffix)","절규하는 불안의 에센스   [꿰뚫기 효과 (25-29)% 증가] (접미어)"
"Screaming Essence of Dread   [(34-41)% increased Projectile Speed] (Suffix)","절규하는 불안의 에센스   [투사체 속도 (34-41)% 증가] (접미어)"
"Screaming Essence of Dread   [+(121-140) to Armour] (Prefix)","절규하는 불안의 에센스   [방어도 +(121-140)] (접두어)"
"Screaming Essence of Dread   [+(151-200) to Armour] (Prefix)","절규하는 불안의 에센스   [방어도 +(151-200)] (접두어)"
"Screaming Essence of Dread   [+(151-225) to Armour] (Prefix)","절규하는 불안의 에센스   [방어도 +(151-225)] (접두어)"
"Screaming Essence of Dread   [+(323-400) to Armour] (Prefix)","절규하는 불안의 에센스   [방어도 +(323-400)] (접두어)"
"Screaming Essence of Dread   [+(80-120) to Armour] (Prefix)","절규하는 불안의 에센스   [방어도 +(80-120)] (접두어)"
"Screaming Essence of Dread   [+(91-105) to Armour] (Prefix)","절규하는 불안의 에센스   [방어도 +(91-105)] (접두어)"
"Screaming Essence of Dread   [+1 to Level of Socketed Bow Gems] (Prefix)","절규하는 불안의 에센스   [장착된 활 젬 레벨 +1] (접두어)"
"Screaming Essence of Envy   [(23-26)% increased Chaos Damage] (Suffix)","절규하는 선망의 에센스   [카오스 피해 (23-26)% 증가] (접미어)"
"Screaming Essence of Envy   [+(21-25)% to Chaos Resistance] (Suffix)","절규하는 선망의 에센스   [카오스 저항 +(21-25)%] (접미어)"
"Screaming Essence of Envy   [Adds (11-15) to (27-33) Chaos Damage to Attacks] (Prefix)","절규하는 선망의 에센스   [공격 시 카오스 피해 (11-15)~(27-33) 추가] (접두어)"
"Screaming Essence of Envy   [Adds (37-59) to (79-103) Chaos Damage] (Prefix)","절규하는 선망의 에센스   [카오스 피해 (37-59)~(79-103) 추가] (접두어)"
"Screaming Essence of Envy   [Adds (61-103) to (149-193) Chaos Damage] (Prefix)","절규하는 선망의 에센스   [카오스 피해 (61-103)~(149-193) 추가] (접두어)"
"Screaming Essence of Fear   [(22-24)% increased Minion Accuracy Rating] (Suffix)","절규하는 두려움의 에센스   [소환수 정확도 (22-24)% 증가] (접미어)"
"Screaming Essence of Fear   [Minions deal (22-24)% increased Damage] (Prefix)","절규하는 두려움의 에센스   [소환수가 주는 피해 (22-24)% 증가] (접두어)"
"Screaming Essence of Fear   [Minions deal (50-66)% increased Damage] (Prefix)","절규하는 두려움의 에센스   [소환수가 주는 피해 (50-66)% 증가] (접두어)"
"Screaming Essence of Fear   [Minions deal (85-106)% increased Damage] (Prefix)","절규하는 두려움의 에센스   [소환수가 주는 피해 (85-106)% 증가] (접두어)"
"Screaming Essence of Fear   [Minions have (22-24)% increased maximum Life] (Suffix)","절규하는 두려움의 에센스   [소환수의 최대 생명력 (22-24)% 증가] (접미어)"
"Screaming Essence of Fear   [Minions have (22-24)% increased Movement Speed] (Suffix)","절규하는 두려움의 에센스   [소환수의 이동 속도 (22-24)% 증가] (접미어)"
"Screaming Essence of Greed   [(0.9-1.1)% of Physical Attack Damage Leeched as Life] (Prefix)","절규하는 탐욕의 에센스   [물리 공격 피해의 (0.9-1.1)%를 생명력으로 흡수] (접두어)"
"Screaming Essence of Greed   [(0.9-1.1)% of Physical Attack Damage Leeched as Life] (Prefix)","절규하는 탐욕의 에센스   [물리 공격 피해의 (0.9-1.1)%를 생명력으로 흡수] (접두어)"
"Screaming Essence of Greed   [(24-27)% increased Flask Life Recovery rate] (Prefix)","절규하는 탐욕의 에센스   [플라스크로 얻는 생명력 회복 속도 (24-27)% 증가] (접두어)"
"Screaming Essence of Greed   [+(70-79) to maximum Life] (Prefix)","절규하는 탐욕의 에센스   [생명력 최대치 +(70-79)] (접두어)"
"Screaming Essence of Greed   [+(80-89) to maximum Life] (Prefix)","절규하는 탐욕의 에센스   [생명력 최대치 +(80-89)] (접두어)"
"Screaming Essence of Greed   [+(90-99) to maximum Life] (Prefix)","절규하는 탐욕의 에센스   [생명력 최대치 +(90-99)] (접두어)"
"Screaming Essence of Greed   [Regenerate (24.1-32) Life per second] (Suffix)","절규하는 탐욕의 에센스   [1초마다 생명력 (24.1-32) 재생] (접미어)"
"Screaming Essence of Hatred   [(23-26)% increased Cold Damage] (Suffix)","절규하는 증오의 에센스   [냉기 피해 (23-26)% 증가] (접미어)"
"Screaming Essence of Hatred   [+(36-41)% to Cold Resistance] (Suffix)","절규하는 증오의 에센스   [냉기 저항 +(36-41)%] (접미어)"
"Screaming Essence of Hatred   [Adds (54-74) to (108-126) Cold Damage] (Prefix)","절규하는 증오의 에센스   [냉기 피해 (54-74)~(108-126) 추가] (접두어)"
"Screaming Essence of Hatred   [Adds (99-136) to (200-232) Cold Damage] (Prefix)","절규하는 증오의 에센스   [냉기 피해 (99-136)~(200-232) 추가] (접두어)"
"Screaming Essence of Loathing   [(18-20)% increased Global Critical Strike Chance] (Suffix)","절규하는 혐오의 에센스   [일반 치명타 확률 (18-20)% 증가] (접미어)"
"Screaming Essence of Loathing   [(21-25)% chance to Avoid Elemental Ailments] (Suffix)","절규하는 혐오의 에센스   [(21-25)%의 확률로 원소 상태 이상 긴급회피] (접미어)"
"Screaming Essence of Loathing   [(25-29)% increased Critical Strike Chance] (Suffix)","절규하는 혐오의 에센스   [치명타 확률 (25-29)% 증가] (접미어)"
"Screaming Essence of Loathing   [(26-30)% increased Stun Duration on Enemies] (Suffix)","절규하는 혐오의 에센스   [적에게 적용되는 기절 지속시간 (26-30)% 증가] (접미어)"
"Screaming Essence of Loathing   [(30-34)% increased Global Critical Strike Chance] (Suffix)","절규하는 혐오의 에센스   [일반 치명타 확률 (30-34)% 증가] (접미어)"
"Screaming Essence of Loathing   [(5-6)% increased Mana Reservation Efficiency of Skills] (Suffix)","절규하는 혐오의 에센스   [스킬의 마나 점유 효율 (5-6)% 증가] (접미어)"
"Screaming Essence of Loathing   [+(8-9)% Chance to Block] Suffix)","절규하는 혐오의 에센스   [막기 확률 +(8-9)%] (접미어)"
"Screaming Essence of Misery   [(0.2-0.4)% of Physical Attack Damage Leeched as Mana] (Prefix)","절규하는 비참의 에센스   [물리 공격 피해의 (0.2-0.4)%를 마나로 흡수] (접두어)"
"Screaming Essence of Misery   [(11-15)% increased Flask Mana Recovery rate] (Prefix)","절규하는 비참의 에센스   [플라스크로 얻는 마나 회복 속도 (11-15)% 증가] (접두어)"
"Screaming Essence of Misery   [(21-24)% increased Cast Speed] (Suffix)","절규하는 비참의 에센스   [시전 속도 (21-24)% 증가] (접미어)"
"Screaming Essence of Misery   [(32-37)% increased Cast Speed] (Suffix)","절규하는 비참의 에센스   [시전 속도 (32-37)% 증가] (접미어)"
"Screaming Essence of Misery   [(50-59)% increased Mana Regeneration Rate] (Suffix)","절규하는 비참의 에센스   [마나 재생 속도 (50-59)% 증가] (접미어)"
"Screaming Essence of Misery   [+(55-59) to maximum Mana] (Prefix)","절규하는 비참의 에센스   [마나 최대치 +(55-59)] (접두어)"
"Screaming Essence of Rage   [+(33-37) to Strength] (Suffix)","절규하는 격노의 에센스   [힘 +(33-37)] (접미어)"
"Screaming Essence of Rage   [Damage Penetrates (11-12)% Fire Resistance] (Prefix)","절규하는 격노의 에센스   [피해가 화염 저항 (11-12)% 관통] (접두어)"
"Screaming Essence of Rage   [Damage Penetrates 6% Fire Resistance] (Prefix)","절규하는 격노의 에센스   [피해가 화염 저항 6% 관통] (접두어)"
"Screaming Essence of Scorn   [(12-13)% reduced Enemy Stun Threshold] (Suffix)","절규하는 멸시의 에센스   [적 기절 한계치 (12-13)% 감소] (접미어)"
"Screaming Essence of Scorn   [(23-26)% chance to Avoid being Stunned] (Suffix)","절규하는 멸시의 에센스   [(23-26)%의 확률로 기절 긴급회피] (접미어)"
"Screaming Essence of Scorn   [(31-39)% increased Stun Threshold] (Suffix)","절규하는 멸시의 에센스   [기절 한계치 (31-39)% 증가] (접미어)"
"Screaming Essence of Scorn   [(80-99)% increased Critical Strike Chance for Spells] (Suffix)","절규하는 멸시의 에센스   [주문 치명타 확률 (80-99)% 증가] (접미어)"
"Screaming Essence of Scorn   [+(15-17)% to Global Critical Strike Multiplier] (Suffix)","절규하는 멸시의 에센스   [일반 치명타 피해 배율 +(15-17)%] (접미어)"
"Screaming Essence of Scorn   [+(25-29)% to Global Critical Strike Multiplier] (Suffix)","절규하는 멸시의 에센스   [일반 치명타 피해 배율 +(25-29)%] (접미어)"
"Screaming Essence of Sorrow   [+(33-37) to Dexterity] (Suffix)","절규하는 슬픔의 에센스   [민첩 +(33-37)] (접미어)"
"Screaming Essence of Sorrow   [Damage Penetrates (11-12)% Cold Resistance] (Prefix)","절규하는 슬픔의 에센스   [피해가 냉기 저항 (11-12)% 관통] (접두어)"
"Screaming Essence of Sorrow   [Damage Penetrates 6% Cold Resistance] (Prefix)","절규하는 슬픔의 에센스   [피해가 냉기 저항 6% 관통] (접두어)"
"Screaming Essence of Spite   [+(33-37) to Intelligence] (Suffix)","절규하는 악의의 에센스   [지능 +(33-37)] (접미어)"
"Screaming Essence of Spite   [Damage Penetrates (11-12)% Lightning Resistance] (Prefix)","절규하는 악의의 에센스   [피해가 번개 저항 (11-12)% 관통] (접두어)"
"Screaming Essence of Spite   [Damage Penetrates 6% Lightning Resistance] (Prefix)","절규하는 악의의 에센스   [피해가 번개 저항 6% 관통] (접두어)"
"Screaming Essence of Suffering   [(47-50)% chance to Avoid being Frozen] (Suffix)","절규하는 고통의 에센스   [(47-50)%의 확률로 동결 긴급회피] (접미어)"
"Screaming Essence of Suffering   [(7-8)% chance to Avoid Cold Damage from Hits] (Suffix)","절규하는 고통의 에센스   [피격 시 (7-8)% 확률로 냉기 피해 긴급회피] (접미어)"
"Screaming Essence of Suffering   [Adds (12-16) to (24-28) Cold Damage to Attacks] (Prefix)","절규하는 고통의 에센스   [공격 시 냉기 피해 (12-16)~(24-28) 추가] (접두어)"
"Screaming Essence of Suffering   [Adds (18-24) to (36-42) Cold Damage to Attacks] (Prefix)","절규하는 고통의 에센스   [공격 시 냉기 피해 (18-24)~(36-42) 추가] (접두어)"
"Screaming Essence of Suffering   [Adds (26-35) to (51-60) Cold Damage to Spells] (Prefix)","절규하는 고통의 에센스   [주문 시전 시 냉기 피해 (26-35)~(51-60) 추가] (접두어)"
"Screaming Essence of Suffering   [Adds (39-52) to (77-90) Cold Damage to Spells] (Prefix)","절규하는 고통의 에센스   [주문 시전 시 냉기 피해 (39-52)~(77-90) 추가] (접두어)"
"Screaming Essence of Suffering   [Adds (6-9) to (13-16) Cold Damage to Attacks] (Prefix)","절규하는 고통의 에센스   [공격 시 냉기 피해 (6-9)~(13-16) 추가] (접두어)"
"Screaming Essence of Torment   [(47-50)% chance to Avoid being Shocked] (Suffix)","절규하는 고뇌의 에센스   [(47-50)%의 확률로 감전 긴급회피] (접미어)"
"Screaming Essence of Torment   [(7-8)% chance to Avoid Lightning Damage from Hits] (Suffix)","절규하는 고뇌의 에센스   [피격 시 (7-8)% 확률로 번개 피해 긴급회피] (접미어)"
"Screaming Essence of Torment   [Adds (1-2) to (27-28) Lightning Damage to Attacks] (Prefix)","절규하는 고뇌의 에센스   [공격 시 번개 피해 (1-2)~(27-28) 추가] (접두어)"
"Screaming Essence of Torment   [Adds (2-9) to (109-115) Lightning Damage to Spells] (Prefix)","절규하는 고뇌의 에센스   [주문 시전 시 번개 피해 (2-9)~(109-115) 추가] (접두어)"
"Screaming Essence of Torment   [Adds (3-6) to (57-61) Lightning Damage to Attacks] (Prefix)","절규하는 고뇌의 에센스   [공격 시 번개 피해 (3-6)~(57-61) 추가] (접두어)"
"Screaming Essence of Torment   [Adds (3-8) to (89-99) Lightning Damage to Attacks] (Prefix)","절규하는 고뇌의 에센스   [공격 시 번개 피해 (3-8)~(89-99) 추가] (접두어)"
"Screaming Essence of Torment   [Adds (5-12) to (164-173) Lightning Damage to Spells] (Prefix)","절규하는 고뇌의 에센스   [주문 시전 시 번개 피해 (5-12)~(164-173) 추가] (접두어)"
"Screaming Essence of Woe   [(14-16)% increased maximum Energy Shield] (Prefix)","절규하는 비애의 에센스   [에너지 보호막 최대치 (14-16)% 증가] (접두어)"
"Screaming Essence of Woe   [(31-36)% increased Damage with Bow Skills] (Prefix)","절규하는 비애의 에센스   [활 스킬로 주는 피해 (31-36)% 증가] (접두어)"
"Screaming Essence of Woe   [(50-66)% increased Spell Damage] (Prefix)","절규하는 비애의 에센스   [주문 피해 (50-66)% 증가] (접두어)"
"Screaming Essence of Woe   [(85-106)% increased Spell Damage] (Prefix)","절규하는 비애의 에센스   [주문 피해 (85-106)% 증가] (접두어)"
"Screaming Essence of Woe   [+(27-31) to maximum Energy Shield] (Prefix)","절규하는 비애의 에센스   [에너지 보호막 최대치 +(27-31)] (접두어)"
"Screaming Essence of Woe   [+(27-32) to maximum Energy Shield] (Prefix)","절규하는 비애의 에센스   [에너지 보호막 최대치 +(27-32)] (접두어)"
"Screaming Essence of Woe   [+(39-45) to maximum Energy Shield] (Prefix)","절규하는 비애의 에센스   [에너지 보호막 최대치 +(39-45)] (접두어)"
"Screaming Essence of Woe   [+(50-59) to maximum Energy Shield] (Prefix)","절규하는 비애의 에센스   [에너지 보호막 최대치 +(50-59)] (접두어)"
"Screaming Essence of Woe   [+(50-61) to maximum Energy Shield] (Prefix)","절규하는 비애의 에센스   [에너지 보호막 최대치 +(50-61)] (접두어)"
"Screaming Essence of Wrath   [(23-26)% increased Lightning Damage] (Suffix)","절규하는 진노의 에센스   [번개 피해 (23-26)% 증가] (접미어)"
"Screaming Essence of Wrath   [+(36-41)% to Lightning Resistance] (Suffix)","절규하는 진노의 에센스   [번개 저항 +(36-41)%] (접미어)"
"Screaming Essence of Wrath   [Adds (10-14) to (197-229) Lightning Damage] (Prefix)","절규하는 진노의 에센스   [번개 피해 (10-14)~(197-229) 추가] (접두어)"
"Screaming Essence of Wrath   [Adds (19-25) to (366-425) Lightning Damage] (Prefix)","절규하는 진노의 에센스   [번개 피해 (19-25)~(366-425) 추가] (접두어)"
"Screaming Essence of Zeal   [(11-13)% increased Attack Speed] (Suffix)","절규하는 열의의 에센스   [공격 속도 (11-13)% 증가] (접미어)"
"Screaming Essence of Zeal   [(11-13)% increased Trap and Mine Throwing Speed] (Suffix)","절규하는 열의의 에센스   [덫과 지뢰 투척 속도 (11-13)% 증가] (접미어)"
"Screaming Essence of Zeal   [(13-14)% increased Attack Speed] (Suffix)","절규하는 열의의 에센스   [공격 속도 (13-14)% 증가] (접미어)"
"Screaming Essence of Zeal   [(21-25)% increased Warcry Speed] (Suffix)","절규하는 열의의 에센스   [함성 속도 (21-25)% 증가] (접미어)"
"Screaming Essence of Zeal   [(23-25)% increased Attack Speed] (Suffix)","절규하는 열의의 에센스   [공격 속도 (23-25)% 증가] (접미어)"
"Screaming Essence of Zeal   [(23-25)% increased Stun and Block Recovery] (Suffix)","절규하는 열의의 에센스   [기절 및 막기 회복 (23-25)% 증가] (접미어)"
"Screaming Essence of Zeal   [(26-30)% increased Totem Placement speed] (Suffix)","절규하는 열의의 에센스   [토템 설치 속도 (26-30)% 증가] (접미어)"
"Screaming Essence of Zeal   [(8-9)% increased Attack Speed] (Suffix)","절규하는 열의의 에센스   [공격 속도 (8-9)% 증가] (접미어)"
"Screaming Essence of Zeal   [(9-12)% increased Cast Speed] (Suffix)","절규하는 열의의 에센스   [시전 속도 (9-12)% 증가] (접미어)"
"Screaming Essence of Zeal   [25% increased Movement Speed] (Prefix)","절규하는 열의의 에센스   [이동 속도 25% 증가] (접두어)"
"Shrieking Essence of Anger   [(27-30)% increased Fire Damage] (Suffix)","악을 쓰는 분노의 에센스   [화염 피해 (27-30)% 증가] (접미어)"
"Shrieking Essence of Anger   [+(42-45)% to Fire Resistance] (Suffix)","악을 쓰는 분노의 에센스   [화염 저항 +(42-45)%] (접미어)"
"Shrieking Essence of Anger   [Adds (137-188) to (279-325) Fire Damage] (Prefix)","악을 쓰는 분노의 에센스   [화염 피해 (137-188)~(279-325) 추가] (접두어)"
"Shrieking Essence of Anger   [Adds (74-101) to (150-175) Fire Damage] (Prefix)","악을 쓰는 분노의 에센스   [화염 피해 (74-101)~(150-175) 추가] (접두어)"
"Shrieking Essence of Anguish   [(51-55)% chance to Avoid being Ignited] (Suffix)","악을 쓰는 비통의 에센스   [(51-55)%의 확률로 점화 긴급회피] (접미어)"
"Shrieking Essence of Anguish   [(8-9)% chance to Avoid Fire Damage from Hits] (Suffix)","악을 쓰는 비통의 에센스   [피격 시 (8-9)% 확률로 화염 피해 긴급회피] (접미어)"
"Shrieking Essence of Anguish   [Adds (19-25) to (39-45) Fire Damage to Attacks] (Prefix)","악을 쓰는 비통의 에센스   [공격 시 화염 피해 (19-25)~(39-45) 추가] (접두어)"
"Shrieking Essence of Anguish   [Adds (37-50) to (74-87) Fire Damage to Attacks] (Prefix)","악을 쓰는 비통의 에센스   [공격 시 화염 피해 (37-50)~(74-87) 추가] (접두어)"
"Shrieking Essence of Anguish   [Adds (40-52) to (79-91) Fire Damage to Spells] (Prefix)","악을 쓰는 비통의 에센스   [주문 시전 시 화염 피해 (40-52)~(79-91) 추가] (접두어)"
"Shrieking Essence of Anguish   [Adds (53-70) to (107-123) Fire Damage to Spells] (Prefix)","악을 쓰는 비통의 에센스   [주문 시전 시 화염 피해 (53-70)~(107-123) 추가] (접두어)"
"Shrieking Essence of Anguish   [Adds (9-12) to (19-22) Fire Damage to Attacks] (Prefix)","악을 쓰는 비통의 에센스   [공격 시 화염 피해 (9-12)~(19-22) 추가] (접두어)"
"Shrieking Essence of Contempt   [Adds (11-15) to (22-26) Physical Damage to Attacks] (Prefix)","악을 쓰는 경멸의 에센스   [공격 시 물리 피해 (11-15)~(22-26) 추가] (접두어)"
"Shrieking Essence of Contempt   [Adds (16-21) to (32-38) Physical Damage] (Prefix)","악을 쓰는 경멸의 에센스   [물리 피해 (16-21)~(32-38) 추가] (접두어)"
"Shrieking Essence of Contempt   [Adds (25-33) to (52-61) Physical Damage] (Prefix)","악을 쓰는 경멸의 에센스   [물리 피해 (25-33)~(52-61) 추가] (접두어)"
"Shrieking Essence of Contempt   [Adds (5-6) to (9-10) Physical Damage to Attacks] (Prefix)","악을 쓰는 경멸의 에센스   [공격 시 물리 피해 (5-6)~(9-10) 추가] (접두어)"
"Shrieking Essence of Contempt   [Adds (7-9) to (13-15) Physical Damage to Attacks] (Prefix)","악을 쓰는 경멸의 에센스   [공격 시 물리 피해 (7-9)~(13-15) 추가] (접두어)"
"Shrieking Essence of Contempt   [Reflects (101-150) Physical Damage to Melee Attackers] (Prefix)","악을 쓰는 경멸의 에센스   [근접 공격자에게 (101-150)의 물리 피해 반사] (접두어)"
"Shrieking Essence of Doubt   [(29-31)% increased Evasion Rating] (Prefix)","악을 쓰는 의심의 에센스   [회피 (29-31)% 증가] (접두어)"
"Shrieking Essence of Doubt   [+(106-120) to Evasion Rating] (Prefix)","악을 쓰는 의심의 에센스   [회피 +(106-120)] (접두어)"
"Shrieking Essence of Doubt   [+(121-150) to Evasion Rating] (Prefix)","악을 쓰는 의심의 에센스   [회피 +(121-150)] (접두어)"
"Shrieking Essence of Doubt   [+(141-160) to Evasion Rating] (Prefix)","악을 쓰는 의심의 에센스   [회피 +(141-160)] (접두어)"
"Shrieking Essence of Doubt   [+(226-300) to Evasion Rating] (Prefix)","악을 쓰는 의심의 에센스   [회피 +(226-300)] (접두어)"
"Shrieking Essence of Doubt   [+(301-400) to Evasion Rating] (Prefix)","악을 쓰는 의심의 에센스   [회피 +(301-400)] (접두어)"
"Shrieking Essence of Doubt   [+(351-480) to Accuracy Rating] (Suffix)","악을 쓰는 의심의 에센스   [정확도 +(351-480)] (접미어)"
"Shrieking Essence of Doubt   [+(456-624) to Accuracy Rating] (Suffix)","악을 쓰는 의심의 에센스   [정확도 +(456-624)] (접미어)"

"Shrieking Essence of Dread   [(17-21)% increased Impale Effect] (Suffix)","악을 쓰는 불안의 에센스   [꿰뚫기 효과 (17-21)% 증가] (접미어)"
"Shrieking Essence of Dread   [(29-31)% increased Armour] (Prefix)","악을 쓰는 불안의 에센스   [방어도 (29-31)% 증가] (접두어)"
"Shrieking Essence of Dread   [(30-34)% increased Impale Effect] (Suffix)","악을 쓰는 불안의 에센스   [꿰뚫기 효과 (30-34)% 증가] (접미어)"
"Shrieking Essence of Dread   [(42-46)% increased Projectile Speed] (Suffix)","악을 쓰는 불안의 에센스   [투사체 속도 (42-46)% 증가] (접미어)"
"Shrieking Essence of Dread   [+(106-120) to Armour] (Prefix)","악을 쓰는 불안의 에센스   [방어도 +(106-120)] (접두어)"
"Shrieking Essence of Dread   [+(121-200) to Armour] (Prefix)","악을 쓰는 불안의 에센스   [방어도 +(121-200)] (접두어)"
"Shrieking Essence of Dread   [+(141-160) to Armour] (Prefix)","악을 쓰는 불안의 에센스   [방어도 +(141-160)] (접두어)"
"Shrieking Essence of Dread   [+(226-300) to Armour] (Prefix)","악을 쓰는 불안의 에센스   [방어도 +(226-300)] (접두어)"
"Shrieking Essence of Dread   [+(301-400) to Armour] (Prefix)","악을 쓰는 불안의 에센스   [방어도 +(301-400)] (접두어)"
"Shrieking Essence of Dread   [+(401-460) to Armour] (Prefix)","악을 쓰는 불안의 에센스   [방어도 +(401-460)] (접두어)"
"Shrieking Essence of Dread   [+2 to Level of Socketed Bow Gems] (Prefix)","악을 쓰는 불안의 에센스   [장착된 활 젬 레벨 +2] (접두어)"
"Shrieking Essence of Envy   [(27-30)% increased Chaos Damage] (Suffix)","악을 쓰는 선망의 에센스   [카오스 피해 (27-30)% 증가] (접미어)"
"Shrieking Essence of Envy   [+(26-30)% to Chaos Resistance] (Suffix)","악을 쓰는 선망의 에센스   [카오스 저항 +(26-30)%] (접미어)"
"Shrieking Essence of Envy   [Adds (17-21) to (37-43) Chaos Damage to Attacks] (Prefix)","악을 쓰는 선망의 에센스   [공격 시 카오스 피해 (17-21)~(37-43) 추가] (접두어)"
"Shrieking Essence of Envy   [Adds (43-67) to (89-113) Chaos Damage] (Prefix)","악을 쓰는 선망의 에센스   [카오스 피해 (43-67)~(89-113) 추가] (접두어)"
"Shrieking Essence of Envy   [Adds (73-113) to (163-205) Chaos Damage] (Prefix)","악을 쓰는 선망의 에센스   [카오스 피해 (73-113)~(163-205) 추가] (접두어)"
"Shrieking Essence of Fear   [(25-27)% increased Minion Accuracy Rating] (Suffix)","악을 쓰는 두려움의 에센스   [소환수 정확도 (25-27)% 증가] (접미어)"
"Shrieking Essence of Fear   [Minions deal (107-122)% increased Damage] (Prefix)","악을 쓰는 두려움의 에센스   [소환수가 주는 피해 (107-122)% 증가] (접두어)"
"Shrieking Essence of Fear   [Minions deal (25-27)% increased Damage] (Prefix)","악을 쓰는 두려움의 에센스   [소환수가 주는 피해 (25-27)% 증가] (접두어)"
"Shrieking Essence of Fear   [Minions deal (67-82)% increased Damage] (Prefix)","악을 쓰는 두려움의 에센스   [소환수가 주는 피해 (67-82)% 증가] (접두어)"
"Shrieking Essence of Fear   [Minions have (25-27)% increased maximum Life] (Suffix)","악을 쓰는 두려움의 에센스   [소환수의 최대 생명력 (25-27)% 증가] (접미어)"
"Shrieking Essence of Fear   [Minions have (25-27)% increased Movement Speed] (Suffix)","악을 쓰는 두려움의 에센스   [소환수의 이동 속도 (25-27)% 증가] (접미어)"
"Shrieking Essence of Greed   [(1-1.2)% of Physical Attack Damage Leeched as Life] (Prefix)","악을 쓰는 탐욕의 에센스   [물리 공격 피해의 (1-1.2)%를 생명력으로 흡수] (접두어)"
"Shrieking Essence of Greed   [(1-1.2)% of Physical Attack Damage Leeched as Life] (Prefix)","악을 쓰는 탐욕의 에센스   [물리 공격 피해의 (1-1.2)%를 생명력으로 흡수] (접두어)"
"Shrieking Essence of Greed   [(28-31)% increased Flask Life Recovery rate] (Prefix)","악을 쓰는 탐욕의 에센스   [플라스크로 얻는 생명력 회복 속도 (28-31)% 증가] (접두어)"
"Shrieking Essence of Greed   [+(100-109) to maximum Life] (Prefix)","악을 쓰는 탐욕의 에센스   [생명력 최대치 +(100-109)] (접두어)"
"Shrieking Essence of Greed   [+(110-119) to maximum Life] (Prefix)","악을 쓰는 탐욕의 에센스   [생명력 최대치 +(110-119)] (접두어)"
"Shrieking Essence of Greed   [+(80-89) to maximum Life] (Prefix)","악을 쓰는 탐욕의 에센스   [생명력 최대치 +(80-89)] (접두어)"
"Shrieking Essence of Greed   [+(90-99) to maximum Life] (Prefix)","악을 쓰는 탐욕의 에센스   [생명력 최대치 +(90-99)] (접두어)"
"Shrieking Essence of Greed   [Regenerate (32.1-48) Life per second] (Suffix)","악을 쓰는 탐욕의 에센스   [1초마다 생명력 (32.1-48) 재생] (접미어)"
"Shrieking Essence of Hatred   [(27-30)% increased Cold Damage] (Suffix)","악을 쓰는 증오의 에센스   [냉기 피해 (27-30)% 증가] (접미어)"
"Shrieking Essence of Hatred   [+(42-45)% to Cold Resistance] (Suffix)","악을 쓰는 증오의 에센스   [냉기 저항 +(42-45)%] (접미어)"
"Shrieking Essence of Hatred   [Adds (124-170) to (250-290) Cold Damage] (Prefix)","악을 쓰는 증오의 에센스   [냉기 피해 (124-170)~(250-290) 추가] (접두어)"
"Shrieking Essence of Hatred   [Adds (68-92) to (136-157) Cold Damage] (Prefix)","악을 쓰는 증오의 에센스   [냉기 피해 (68-92)~(136-157) 추가] (접두어)"
"Shrieking Essence of Loathing   [(21-23)% increased Global Critical Strike Chance] (Suffix)","악을 쓰는 혐오의 에센스   [일반 치명타 확률 (21-23)% 증가] (접미어)"
"Shrieking Essence of Loathing   [(26-30)% chance to Avoid Elemental Ailments] (Suffix)","악을 쓰는 혐오의 에센스   [(26-30)%의 확률로 원소 상태 이상 긴급회피] (접미어)"
"Shrieking Essence of Loathing   [(30-34)% increased Critical Strike Chance] (Suffix)","악을 쓰는 혐오의 에센스   [치명타 확률 (30-34)% 증가] (접미어)"
"Shrieking Essence of Loathing   [(31-35)% increased Stun Duration on Enemies] (Suffix)","악을 쓰는 혐오의 에센스   [적에게 적용되는 기절 지속시간 (31-35)% 증가] (접미어)"
"Shrieking Essence of Loathing   [(35-38)% increased Global Critical Strike Chance] (Suffix)","악을 쓰는 혐오의 에센스   [일반 치명타 확률 (35-38)% 증가] (접미어)"
"Shrieking Essence of Loathing   [(7-8)% increased Mana Reservation Efficiency of Skills] (Suffix)","악을 쓰는 혐오의 에센스   [스킬의 마나 점유 효율 (7-8)% 증가] (접미어)"
"Shrieking Essence of Loathing   [+(10-11)% Chance to Block] (Suffix)","악을 쓰는 혐오의 에센스   [막기 확률 +(10-11)%] (접미어)"
"Shrieking Essence of Misery   [(0.6-0.8)% of Physical Attack Damage Leeched as Mana] (Prefix)","악을 쓰는 비참의 에센스   [물리 공격 피해의 (0.6-0.8)%를 마나로 흡수] (접두어)"
"Shrieking Essence of Misery   [(16-20)% increased Flask Mana Recovery rate] (Prefix)","악을 쓰는 비참의 에센스   [플라스크로 얻는 마나 회복 속도 (16-20)% 증가] (접두어)"
"Shrieking Essence of Misery   [(25-28)% increased Cast Speed] (Suffix)","악을 쓰는 비참의 에센스   [시전 속도 (25-28)% 증가] (접미어)"
"Shrieking Essence of Misery   [(38-43)% increased Cast Speed] (Suffix)","악을 쓰는 비참의 에센스   [시전 속도 (38-43)% 증가] (접미어)"
"Shrieking Essence of Misery   [(60-69)% increased Mana Regeneration Rate] (Suffix)","악을 쓰는 비참의 에센스   [마나 재생 속도 (60-69)% 증가] (접미어)"
"Shrieking Essence of Misery   [+(65-68) to maximum Mana] (Prefix)","악을 쓰는 비참의 에센스   [마나 최대치 +(65-68)] (접두어)"
"Shrieking Essence of Rage   [+(43-50) to Strength] (Suffix)","악을 쓰는 격노의 에센스   [힘 +(43-50)] (접미어)"
"Shrieking Essence of Rage   [Damage Penetrates (13-14)% Fire Resistance] (Prefix)","악을 쓰는 격노의 에센스   [피해가 화염 저항 (13-14)% 관통] (접두어)"
"Shrieking Essence of Rage   [Damage Penetrates 7% Fire Resistance] (Prefix)","악을 쓰는 격노의 에센스   [피해가 화염 저항 7% 관통] (접두어)"
"Shrieking Essence of Scorn   [(100-109)% increased Critical Strike Chance for Spells] (Suffix)","악을 쓰는 멸시의 에센스   [주문 치명타 확률 (100-109)% 증가] (접미어)"
"Shrieking Essence of Scorn   [(14-15)% reduced Enemy Stun Threshold] (Suffix)","악을 쓰는 멸시의 에센스   [적 기절 한계치 (14-15)% 감소] (접미어)"
"Shrieking Essence of Scorn   [(27-30)% chance to Avoid being Stunned] (Suffix)","악을 쓰는 멸시의 에센스   [(27-30)%의 확률로 기절 긴급회피] (접미어)"
"Shrieking Essence of Scorn   [(40-45)% increased Stun Threshold] (Suffix)","악을 쓰는 멸시의 에센스   [기절 한계치 (40-45)% 증가] (접미어)"
"Shrieking Essence of Scorn   [+(18-20)% to Global Critical Strike Multiplier] (Suffix)","악을 쓰는 멸시의 에센스   [일반 치명타 피해 배율 +(18-20)%] (접미어)"
"Shrieking Essence of Scorn   [+(30-34)% to Global Critical Strike Multiplier] (Suffix)","악을 쓰는 멸시의 에센스   [일반 치명타 피해 배율 +(30-34)%] (접미어)"
"Shrieking Essence of Sorrow   [+(43-50) to Dexterity] (Suffix)","악을 쓰는 슬픔의 에센스   [민첩 +(43-50)] (접미어)"
"Shrieking Essence of Sorrow   [Damage Penetrates (13-14)% Cold Resistance] (Prefix)","악을 쓰는 슬픔의 에센스   [피해가 냉기 저항 (13-14)% 관통] (접두어)"
"Shrieking Essence of Sorrow   [Damage Penetrates 7% Cold Resistance] (Prefix)","악을 쓰는 슬픔의 에센스   [피해가 냉기 저항 7% 관통] (접두어)"
"Shrieking Essence of Spite   [+(43-50) to Intelligence] (Suffix)","악을 쓰는 악의의 에센스   [지능 +(43-50)] (접미어)"
"Shrieking Essence of Spite   [Damage Penetrates (13-14)% Lightning Resistance] (Prefix)","악을 쓰는 악의의 에센스   [피해가 번개 저항 (13-14)% 관통] (접두어)"
"Shrieking Essence of Spite   [Damage Penetrates 7% Lightning Resistance] (Prefix)","악을 쓰는 악의의 에센스   [피해가 번개 저항 7% 관통] (접두어)"
"Shrieking Essence of Suffering   [(51-55)% chance to Avoid being Frozen] (Suffix)","악을 쓰는 고통의 에센스   [(51-55)%의 확률로 동결 긴급회피] (접미어)"
"Shrieking Essence of Suffering   [(8-9)% chance to Avoid Cold Damage from Hits] (Suffix)","악을 쓰는 고통의 에센스   [피격 시 (8-9)% 확률로 냉기 피해 긴급회피] (접미어)"
"Shrieking Essence of Suffering   [Adds (17-22) to (34-40) Cold Damage to Attacks] (Prefix)","악을 쓰는 고통의 에센스   [공격 시 냉기 피해 (17-22)~(34-40) 추가] (접두어)"
"Shrieking Essence of Suffering   [Adds (33-43) to (64-75) Cold Damage to Spells] (Prefix)","악을 쓰는 고통의 에센스   [주문 시전 시 냉기 피해 (33-43)~(64-75) 추가] (접두어)"
"Shrieking Essence of Suffering   [Adds (33-45) to (67-78) Cold Damage to Attacks] (Prefix)","악을 쓰는 고통의 에센스   [공격 시 냉기 피해 (33-45)~(67-78) 추가] (접두어)"
"Shrieking Essence of Suffering   [Adds (49-64) to (96-113) Cold Damage to Spells] (Prefix)","악을 쓰는 고통의 에센스   [주문 시전 시 냉기 피해 (49-64)~(96-113) 추가] (접두어)"
"Shrieking Essence of Suffering   [Adds (8-11) to (16-19) Cold Damage to Attacks] (Prefix)","악을 쓰는 고통의 에센스   [공격 시 냉기 피해 (8-11)~(16-19) 추가] (접두어)"
"Shrieking Essence of Torment   [(51-55)% chance to Avoid being Shocked] (Suffix)","악을 쓰는 고뇌의 에센스   [(51-55)%의 확률로 감전 긴급회피] (접미어)"
"Shrieking Essence of Torment   [(8-9)% chance to Avoid Lightning Damage from Hits] (Suffix)","악을 쓰는 고뇌의 에센스   [피격 시 (8-9)% 확률로 번개 피해 긴급회피] (접미어)"
"Shrieking Essence of Torment   [Adds (1-3) to (33-34) Lightning Damage to Attacks] (Prefix)","악을 쓰는 고뇌의 에센스   [공격 시 번개 피해 (1-3)~(33-34) 추가] (접두어)"
"Shrieking Essence of Torment   [Adds (3-7) to (68-72) Lightning Damage to Attacks] (Prefix)","악을 쓰는 고뇌의 에센스   [공격 시 번개 피해 (3-7)~(68-72) 추가] (접두어)"
"Shrieking Essence of Torment   [Adds (4-11) to (136-144) Lightning Damage to Spells] (Prefix)","악을 쓰는 고뇌의 에센스   [주문 시전 시 번개 피해 (4-11)~(136-144) 추가] (접두어)"
"Shrieking Essence of Torment   [Adds (5-11) to (124-140) Lightning Damage to Attacks] (Prefix)","악을 쓰는 고뇌의 에센스   [공격 시 번개 피해 (5-11)~(124-140) 추가] (접두어)"
"Shrieking Essence of Torment   [Adds (5-17) to (204-216) Lightning Damage to Spells] (Prefix)","악을 쓰는 고뇌의 에센스   [주문 시전 시 번개 피해 (5-17)~(204-216) 추가] (접두어)"
"Shrieking Essence of Woe   [(107-122)% increased Spell Damage] (Prefix)","악을 쓰는 비애의 에센스   [주문 피해 (107-122)% 증가] (접두어)"
"Shrieking Essence of Woe   [(17-18)% increased maximum Energy Shield] (Prefix)","악을 쓰는 비애의 에센스   [에너지 보호막 최대치 (17-18)% 증가] (접두어)"
"Shrieking Essence of Woe   [(37-42)% increased Damage with Bow Skills] (Prefix)","악을 쓰는 비애의 에센스   [활 스킬로 주는 피해 (37-42)% 증가] (접두어)"
"Shrieking Essence of Woe   [(67-82)% increased Spell Damage] (Prefix)","악을 쓰는 비애의 에센스   [주문 피해 (67-82)% 증가] (접두어)"
"Shrieking Essence of Woe   [+(28-35) to maximum Energy Shield] (Prefix)","악을 쓰는 비애의 에센스   [에너지 보호막 최대치 +(28-35)] (접두어)"
"Shrieking Essence of Woe   [+(32-37) to maximum Energy Shield] (Prefix)","악을 쓰는 비애의 에센스   [에너지 보호막 최대치 +(32-37)] (접두어)"
"Shrieking Essence of Woe   [+(38-43) to maximum Energy Shield] (Prefix)","악을 쓰는 비애의 에센스   [에너지 보호막 최대치 +(38-43)] (접두어)"
"Shrieking Essence of Woe   [+(46-51) to maximum Energy Shield] (Prefix)","악을 쓰는 비애의 에센스   [에너지 보호막 최대치 +(46-51)] (접두어)"
"Shrieking Essence of Woe   [+(60-69) to maximum Energy Shield] (Prefix)","악을 쓰는 비애의 에센스   [에너지 보호막 최대치 +(60-69)] (접두어)"
"Shrieking Essence of Woe   [+(77-90) to maximum Energy Shield] (Prefix)","악을 쓰는 비애의 에센스   [에너지 보호막 최대치 +(77-90)] (접두어)"
"Shrieking Essence of Wrath   [(27-30)% increased Lightning Damage] (Suffix)","악을 쓰는 진노의 에센스   [번개 피해 (27-30)% 증가] (접미어)"
"Shrieking Essence of Wrath   [+(42-45)% to Lightning Resistance] (Suffix)","악을 쓰는 진노의 에센스   [번개 저항 +(42-45)%] (접미어)"
"Shrieking Essence of Wrath   [Adds (13-17) to (247-286) Lightning Damage] (Prefix)","악을 쓰는 진노의 에센스   [번개 피해 (13-17)~(247-286) 추가] (접두어)"
"Shrieking Essence of Wrath   [Adds (23-32) to (458-531) Lightning Damage] (Prefix)","악을 쓰는 진노의 에센스   [번개 피해 (23-32)~(458-531) 추가] (접두어)"
"Shrieking Essence of Zeal   [(10-12)% increased Attack Speed] (Suffix)","악을 쓰는 열의의 에센스   [공격 속도 (10-12)% 증가] (접미어)"
"Shrieking Essence of Zeal   [(13-14)% increased Cast Speed] (Suffix)","악을 쓰는 열의의 에센스   [시전 속도 (13-14)% 증가] (접미어)"
"Shrieking Essence of Zeal   [(13-16)% increased Cast Speed] (Suffix)","악을 쓰는 열의의 에센스   [시전 속도 (13-16)% 증가] (접미어)"
"Shrieking Essence of Zeal   [(14-16)% increased Attack Speed] (Suffix)","악을 쓰는 열의의 에센스   [공격 속도 (14-16)% 증가] (접미어)"
"Shrieking Essence of Zeal   [(14-17)% increased Trap and Mine Throwing Speed] (Suffix)","악을 쓰는 열의의 에센스   [덫과 지뢰 투척 속도 (14-17)% 증가] (접미어)"
"Shrieking Essence of Zeal   [(15-16)% increased Attack Speed] (Suffix)","악을 쓰는 열의의 에센스   [공격 속도 (15-16)% 증가] (접미어)"
"Shrieking Essence of Zeal   [(26-27)% increased Attack Speed] (Suffix)","악을 쓰는 열의의 에센스   [공격 속도 (26-27)% 증가] (접미어)"
"Shrieking Essence of Zeal   [(26-28)% increased Stun and Block Recovery] (Suffix)","악을 쓰는 열의의 에센스   [기절 및 막기 회복 (26-28)% 증가] (접미어)"
"Shrieking Essence of Zeal   [(26-30)% increased Warcry Speed] (Suffix)","악을 쓰는 열의의 에센스   [함성 속도 (26-30)% 증가] (접미어)"
"Shrieking Essence of Zeal   [(31-35)% increased Totem Placement speed] (Suffix)","악을 쓰는 열의의 에센스   [토템 설치 속도 (31-35)% 증가] (접미어)"
"Shrieking Essence of Zeal   [30% increased Movement Speed] (Prefix)","악을 쓰는 열의의 에센스   [이동 속도 30% 증가] (접두어)"
"Wailing Essence of Anger   [(19-22)% increased Fire Damage] (Suffix)","울부짖는 분노의 에센스   [화염 피해 (19-22)% 증가] (접미어)"
"Wailing Essence of Anger   [+(24-29)% to Fire Resistance] (Suffix)","울부짖는 분노의 에센스   [화염 저항 +(24-29)%] (접미어)"
"Wailing Essence of Anger   [Adds (34-46) to (68-80) Fire Damage] (Prefix)","울부짖는 분노의 에센스   [화염 피해 (34-46)~(68-80) 추가] (접두어)"
"Wailing Essence of Anger   [Adds (63-85) to (128-148) Fire Damage] (Prefix)","울부짖는 분노의 에센스   [화염 피해 (63-85)~(128-148) 추가] (접두어)"
"Wailing Essence of Anguish   [(43-46)% chance to Avoid being Ignited] (Suffix)","울부짖는 비통의 에센스   [(43-46)%의 확률로 점화 긴급회피] (접미어)"
"Wailing Essence of Anguish   [(6-7)% chance to Avoid Fire Damage from Hits] (Suffix)","울부짖는 비통의 에센스   [피격 시 (6-7)% 확률로 화염 피해 긴급회피] (접미어)"
"Wailing Essence of Anguish   [Adds (11-15) to (23-27) Fire Damage to Attacks] (Prefix)","울부짖는 비통의 에센스   [공격 시 화염 피해 (11-15)~(23-27) 추가] (접두어)"
"Wailing Essence of Anguish   [Adds (17-22) to (33-38) Fire Damage to Attacks] (Prefix)","울부짖는 비통의 에센스   [공격 시 화염 피해 (17-22)~(33-38) 추가] (접두어)"
"Wailing Essence of Anguish   [Adds (24-33) to (48-57) Fire Damage to Spells] (Prefix)","울부짖는 비통의 에센스   [주문 시전 시 화염 피해 (24-33)~(48-57) 추가] (접두어)"
"Wailing Essence of Anguish   [Adds (32-44) to (65-76) Fire Damage to Spells] (Prefix)","울부짖는 비통의 에센스   [주문 시전 시 화염 피해 (32-44)~(65-76) 추가] (접두어)"
"Wailing Essence of Anguish   [Adds (5-7) to (11-13) Fire Damage to Attacks] (Prefix)","울부짖는 비통의 에센스   [공격 시 화염 피해 (5-7)~(11-13) 추가] (접두어)"
"Wailing Essence of Contempt   [Adds (13-17) to (28-32) Physical Damage] (Prefix)","울부짖는 경멸의 에센스   [물리 피해 (13-17)~(28-32) 추가] (접두어)"
"Wailing Essence of Contempt   [Adds (3-5) to (7-8) Physical Damage to Attacks] (Prefix)","울부짖는 경멸의 에센스   [공격 시 물리 피해 (3-5)~(7-8) 추가] (접두어)"
"Wailing Essence of Contempt   [Adds (5-7) to (11-12) Physical Damage to Attacks] (Prefix)","울부짖는 경멸의 에센스   [공격 시 물리 피해 (5-7)~(11-12) 추가] (접두어)"
"Wailing Essence of Contempt   [Adds (6-9) to (13-15) Physical Damage to Attacks] (Prefix)","울부짖는 경멸의 에센스   [공격 시 물리 피해 (6-9)~(13-15) 추가] (접두어)"
"Wailing Essence of Contempt   [Adds (8-12) to (17-20) Physical Damage] (Prefix)","울부짖는 경멸의 에센스   [물리 피해 (8-12)~(17-20) 추가] (접두어)"
"Wailing Essence of Contempt   [Reflects (25-50) Physical Damage to Melee Attackers] (Prefix)","울부짖는 경멸의 에센스   [근접 공격자에게 (25-50)의 물리 피해 반사] (접두어)"
"Wailing Essence of Doubt   [(19-23)% increased Evasion Rating] (Prefix)","울부짖는 의심의 에센스   [회피 (19-23)% 증가] (접두어)"
"Wailing Essence of Doubt   [+(102-120) to Evasion Rating] (Prefix)","울부짖는 의심의 에센스   [회피 +(102-120)] (접두어)"
"Wailing Essence of Doubt   [+(121-150) to Evasion Rating] (Prefix)","울부짖는 의심의 에센스   [회피 +(121-150)] (접두어)"
"Wailing Essence of Doubt   [+(166-250) to Accuracy Rating] (Suffix)","울부짖는 의심의 에센스   [정확도 +(166-250)] (접미어)"
"Wailing Essence of Doubt   [+(216-325) to Accuracy Rating] (Suffix)","울부짖는 의심의 에센스   [정확도 +(216-325)] (접미어)"
"Wailing Essence of Doubt   [+(61-80) to Evasion Rating] (Prefix)","울부짖는 의심의 에센스   [회피 +(61-80)] (접두어)"
"Wailing Essence of Doubt   [+(81-90) to Evasion Rating] (Prefix)","울부짖는 의심의 에센스   [회피 +(81-90)] (접두어)"
"Wailing Essence of Fear   [(19-21)% increased Minion Accuracy Rating] (Suffix)","울부짖는 두려움의 에센스   [소환수 정확도 (19-21)% 증가] (접미어)"
"Wailing Essence of Fear   [Minions deal (19-21)% increased Damage] (Prefix)","울부짖는 두려움의 에센스   [소환수가 주는 피해 (19-21)% 증가] (접두어)"
"Wailing Essence of Fear   [Minions deal (40-54)% increased Damage] (Prefix)","울부짖는 두려움의 에센스   [소환수가 주는 피해 (40-54)% 증가] (접두어)"
"Wailing Essence of Fear   [Minions deal (60-84)% increased Damage] (Prefix)","울부짖는 두려움의 에센스   [소환수가 주는 피해 (60-84)% 증가] (접두어)"
"Wailing Essence of Fear   [Minions have (19-21)% increased maximum Life] (Suffix)","울부짖는 두려움의 에센스   [소환수의 최대 생명력 (19-21)% 증가] (접미어)"
"Wailing Essence of Fear   [Minions have (19-21)% increased Movement Speed] (Suffix)","울부짖는 두려움의 에센스   [소환수의 이동 속도 (19-21)% 증가] (접미어)"
"Wailing Essence of Greed   [(0.8-1)% of Physical Attack Damage Leeched as Life] (Prefix)","울부짖는 탐욕의 에센스   [물리 공격 피해의 (0.8-1)%를 생명력으로 흡수] (접두어)"
"Wailing Essence of Greed   [(0.8-1)% of Physical Attack Damage Leeched as Life] (Prefix)","울부짖는 탐욕의 에센스   [물리 공격 피해의 (0.8-1)%를 생명력으로 흡수] (접두어)"
"Wailing Essence of Greed   [(20-23)% increased Flask Life Recovery rate] (Prefix)","울부짖는 탐욕의 에센스   [플라스크로 얻는 생명력 회복 속도 (20-23)% 증가] (접두어)"
"Wailing Essence of Greed   [+(60-69) to maximum Life] (Prefix)","울부짖는 탐욕의 에센스   [생명력 최대치 +(60-69)] (접두어)"
"Wailing Essence of Greed   [+(70-79) to maximum Life] (Prefix)","울부짖는 탐욕의 에센스   [생명력 최대치 +(70-79)] (접두어)"
"Wailing Essence of Greed   [Regenerate (16.1-24) Life per second] (Suffix)","울부짖는 탐욕의 에센스   [1초마다 생명력 (16.1-24) 재생] (접미어)"
"Wailing Essence of Hatred   [(19-22)% increased Cold Damage] (Suffix)","울부짖는 증오의 에센스   [냉기 피해 (19-22)% 증가] (접미어)"
"Wailing Essence of Hatred   [+(24-29)% to Cold Resistance] (Suffix)","울부짖는 증오의 에센스   [냉기 저항 +(24-29)%] (접미어)"
"Wailing Essence of Hatred   [Adds (31-42) to (62-71) Cold Damage] (Prefix)","울부짖는 증오의 에센스   [냉기 피해 (31-42)~(62-71) 추가] (접두어)"
"Wailing Essence of Hatred   [Adds (57-77) to (114-132) Cold Damage] (Prefix)","울부짖는 증오의 에센스   [냉기 피해 (57-77)~(114-132) 추가] (접두어)"
"Wailing Essence of Loathing   [(15-17)% increased Global Critical Strike Chance] (Suffix)","울부짖는 혐오의 에센스   [일반 치명타 확률 (15-17)% 증가] (접미어)"
"Wailing Essence of Loathing   [(16-20)% chance to Avoid Elemental Ailments] (Suffix)","울부짖는 혐오의 에센스   [(16-20)%의 확률로 원소 상태 이상 긴급회피] (접미어)"
"Wailing Essence of Loathing   [(20-24)% increased Critical Strike Chance] (Suffix)","울부짖는 혐오의 에센스   [치명타 확률 (20-24)% 증가] (접미어)"
"Wailing Essence of Loathing   [(21-25)% increased Stun Duration on Enemies] (Suffix)","울부짖는 혐오의 에센스   [적에게 적용되는 기절 지속시간 (21-25)% 증가] (접미어)"
"Wailing Essence of Loathing   [(25-29)% increased Global Critical Strike Chance] (Suffix)","울부짖는 혐오의 에센스   [일반 치명타 확률 (25-29)% 증가] (접미어)"
"Wailing Essence of Loathing   [(3-4)% increased Mana Reservation Efficiency of Skills] (Suffix)","울부짖는 혐오의 에센스   [스킬의 마나 점유 효율 (3-4)% 증가] (접미어)"
"Wailing Essence of Loathing   [+(6-7)% Chance to Block] (Suffix)","울부짖는 혐오의 에센스   [막기 확률 +(6-7)%] (접미어)"
"Wailing Essence of Rage   [+(28-32) to Strength] (Suffix)","울부짖는 격노의 에센스   [힘 +(28-32)] (접미어)"
"Wailing Essence of Rage   [Damage Penetrates (9-10)% Fire Resistance] (Prefix)","울부짖는 격노의 에센스   [피해가 화염 저항 (9-10)% 관통] (접두어)"
"Wailing Essence of Rage   [Damage Penetrates 5% Fire Resistance] (Prefix)","울부짖는 격노의 에센스   [피해가 화염 저항 5% 관통] (접두어)"
"Wailing Essence of Sorrow   [+(28-32) to Dexterity] (Suffix)","울부짖는 슬픔의 에센스   [민첩 +(28-32)] (접미어)"
"Wailing Essence of Sorrow   [Damage Penetrates (9-10)% Cold Resistance] (Prefix)","울부짖는 슬픔의 에센스   [피해가 냉기 저항 (9-10)% 관통] (접두어)"
"Wailing Essence of Sorrow   [Damage Penetrates 5% Cold Resistance] (Prefix)","울부짖는 슬픔의 에센스   [피해가 냉기 저항 5% 관통] (접두어)"
"Wailing Essence of Spite   [+(28-32) to Intelligence] (Suffix)","울부짖는 악의의 에센스   [지능 +(28-32)] (접미어)"
"Wailing Essence of Spite   [Damage Penetrates (9-10)% Lightning Resistance] (Prefix)","울부짖는 악의의 에센스   [피해가 번개 저항 (9-10)% 관통] (접두어)"
"Wailing Essence of Spite   [Damage Penetrates 5% Lightning Resistance] (Prefix)","울부짖는 악의의 에센스   [피해가 번개 저항 5% 관통] (접두어)"
"Wailing Essence of Suffering   [(43-46)% chance to Avoid being Frozen] (Suffix)","울부짖는 고통의 에센스   [(43-46)%의 확률로 동결 긴급회피] (접미어)"
"Wailing Essence of Suffering   [(6-7)% chance to Avoid Cold Damage from Hits] (Suffix)","울부짖는 고통의 에센스   [피격 시 (6-7)% 확률로 냉기 피해 긴급회피] (접미어)"
"Wailing Essence of Suffering   [Adds (10-13) to (20-24) Cold Damage to Attacks] (Prefix)","울부짖는 고통의 에센스   [공격 시 냉기 피해 (10-13)~(20-24) 추가] (접두어)"
"Wailing Essence of Suffering   [Adds (15-20) to (30-35) Cold Damage to Attacks] (Prefix)","울부짖는 고통의 에센스   [공격 시 냉기 피해 (15-20)~(30-35) 추가] (접두어)"
"Wailing Essence of Suffering   [Adds (20-26) to (40-46) Cold Damage to Spells] (Prefix)","울부짖는 고통의 에센스   [주문 시전 시 냉기 피해 (20-26)~(40-46) 추가] (접두어)"
"Wailing Essence of Suffering   [Adds (30-40) to (59-69) Cold Damage to Spells] (Prefix)","울부짖는 고통의 에센스   [주문 시전 시 냉기 피해 (30-40)~(59-69) 추가] (접두어)"
"Wailing Essence of Suffering   [Adds (5-7) to (10-12) Cold Damage to Attacks] (Prefix)","울부짖는 고통의 에센스   [공격 시 냉기 피해 (5-7)~(10-12) 추가] (접두어)"
"Wailing Essence of Torment   [(43-46)% chance to Avoid being Shocked] (Suffix)","울부짖는 고뇌의 에센스   [(43-46)%의 확률로 감전 긴급회피] (접미어)"
"Wailing Essence of Torment   [(6-7)% chance to Avoid Lightning Damage from Hits] (Suffix)","울부짖는 고뇌의 에센스   [피격 시 (6-7)% 확률로 번개 피해 긴급회피] (접두어)"
"Wailing Essence of Torment   [Adds (1-2) to (22-23) Lightning Damage to Attacks] (Prefix)","울부짖는 고뇌의 에센스   [공격 시 번개 피해 (1-2)~(22-23) 추가] (접두어)"
"Wailing Essence of Torment   [Adds (1-4) to (40-43) Lightning Damage to Attacks] (Prefix)","울부짖는 고뇌의 에센스   [공격 시 번개 피해 (1-4)~(40-43) 추가] (접두어)"
"Wailing Essence of Torment   [Adds (2-5) to (56-62) Lightning Damage to Attacks] (Prefix)","울부짖는 고뇌의 에센스   [공격 시 번개 피해 (2-5)~(56-62) 추가] (접두어)"
"Wailing Essence of Torment   [Adds (2-7) to (84-88) Lightning Damage to Spells] (Prefix)","울부짖는 고뇌의 에센스   [주문 시전 시 번개 피해 (2-7)~(84-88) 추가] (접두어)"
"Wailing Essence of Torment   [Adds (3-10) to (126-133) Lightning Damage to Spells] (Prefix)","울부짖는 고뇌의 에센스   [주문 시전 시 번개 피해 (3-10)~(126-133) 추가] (접두어)"
"Wailing Essence of Woe   [(11-13)% increased maximum Energy Shield] (Prefix)","울부짖는 비애의 에센스   [에너지 보호막 최대치 (11-13)% 증가] (접두어)"
"Wailing Essence of Woe   [(26-30)% increased Damage with Bow Skills] (Prefix)","울부짖는 비애의 에센스   [활 스킬로 주는 피해 (26-30)% 증가] (접두어)"
"Wailing Essence of Woe   [(40-54)% increased Spell Damage] (Prefix)","울부짖는 비애의 에센스   [주문 피해 (40-54)% 증가] (접두어)"
"Wailing Essence of Woe   [(60-84)% increased Spell Damage] (Prefix)","울부짖는 비애의 에센스   [주문 피해 (60-84)% 증가] (접두어)"
"Wailing Essence of Woe   [+(18-26) to maximum Energy Shield] (Prefix)","울부짖는 비애의 에센스   [에너지 보호막 최대치 +(18-26)] (접두어)"
"Wailing Essence of Woe   [+(23-26) to maximum Energy Shield] (Prefix)","울부짖는 비애의 에센스   [에너지 보호막 최대치 +(23-26)] (접두어)"
"Wailing Essence of Woe   [+(31-38) to maximum Energy Shield] (Prefix)","울부짖는 비애의 에센스   [에너지 보호막 최대치 +(31-38)] (접두어)"
"Wailing Essence of Woe   [+(39-49) to maximum Energy Shield] (Prefix)","울부짖는 비애의 에센스   [에너지 보호막 최대치 +(39-49)] (접두어)"
"Wailing Essence of Wrath   [(13-17)% increased Lightning Damage] (Suffix)","울부짖는 진노의 에센스   [번개 피해 (13-17)% 증가] (접미어)"
"Wailing Essence of Wrath   [+(24-29)% to Lightning Resistance] (Suffix)","울부짖는 진노의 에센스   [번개 저항 +(24-29)%] (접미어)"
"Wailing Essence of Wrath   [Adds (11-14) to (208-242) Lightning Damage] (Prefix)","울부짖는 진노의 에센스   [번개 피해 (11-14)~(208-242) 추가] (접두어)"
"Wailing Essence of Wrath   [Adds (5-8) to (112-131) Lightning Damage] (Prefix)","울부짖는 진노의 에센스   [번개 피해 (5-8)~(112-131) 추가] (접두어)"
"Wailing Essence of Zeal   [(11-12)% increased Attack Speed] (Suffix)","울부짖는 열의의 에센스   [공격 속도 (11-12)% 증가] (접미어)"
"Wailing Essence of Zeal   [(15-20)% increased Warcry Speed] (Suffix)","울부짖는 열의의 에센스   [함성 속도 (15-20)% 증가] (접미어)"
"Wailing Essence of Zeal   [(20-22)% increased Attack Speed] (Suffix)","울부짖는 열의의 에센스   [공격 속도 (20-22)% 증가] (접미어)"
"Wailing Essence of Zeal   [(20-22)% increased Stun and Block Recovery] (Suffix)","울부짖는 열의의 에센스   [기절 및 막기 회복 (20-22)% 증가] (접미어)"
"Wailing Essence of Zeal   [(21-25)% increased Totem Placement speed] (Suffix)","울부짖는 열의의 에센스   [토템 설치 속도 (21-25)% 증가] (접미어)"
"Wailing Essence of Zeal   [(5-8)% increased Cast Speed] (Suffix)","울부짖는 열의의 에센스   [시전 속도 (5-8)% 증가] (접미어)"
"Wailing Essence of Zeal   [(6-7)% increased Attack Speed] (Suffix)","울부짖는 열의의 에센스   [공격 속도 (6-7)% 증가] (접미어)"
"Wailing Essence of Zeal   [(7-10)% increased Trap and Mine Throwing Speed] (Suffix)","울부짖는 열의의 에센스   [덫과 지뢰 투척 속도 (7-10)% 증가] (접미어)"
"Wailing Essence of Zeal   [(8-10)% increased Attack Speed] (Suffix)","울부짖는 열의의 에센스   [공격 속도 (8-10)% 증가] (접미어)"
"Wailing Essence of Zeal   [20% increased Movement Speed] (Prefix)","울부짖는 열의의 에센스   [이동 속도 20% 증가] (접두어)"
"Weeping Essence of Anger   [(15-18)% increased Fire Damage] (Suffix)","흐느끼는 분노의 에센스   [화염 피해 (15-18)% 증가] (접미어)"
"Weeping Essence of Anger   [+(18-23)% to Fire Resistance] (Suffix)","흐느끼는 분노의 에센스   [화염 저항 +(18-23)%] (접미어)"
"Weeping Essence of Anger   [Adds (17-24) to (35-41) Fire Damage] (Prefix)","흐느끼는 분노의 에센스   [화염 피해 (17-24)~(35-41) 추가] (접두어)"
"Weeping Essence of Anger   [Adds (32-44) to (65-76) Fire Damage] (Prefix)","흐느끼는 분노의 에센스   [화염 피해 (32-44)~(65-76) 추가] (접두어)"
"Weeping Essence of Contempt   [Adds (10-13) to (21-25) Physical Damage] (Prefix)","흐느끼는 경멸의 에센스   [물리 피해 (10-13)~(21-25) 추가] (접두어)"
"Weeping Essence of Contempt   [Adds (3-4) to (6-7) Physical Damage to Attacks] (Prefix)","흐느끼는 경멸의 에센스   [공격 시 물리 피해 (3-4)~(6-7) 추가] (접두어)"
"Weeping Essence of Contempt   [Adds (4-6) to (9-10) Physical Damage to Attacks] (Prefix)","흐느끼는 경멸의 에센스   [공격 시 물리 피해 (4-6)~(9-10) 추가] (접두어)"
"Weeping Essence of Contempt   [Adds (6-9) to (13-15) Physical Damage] (Prefix)","흐느끼는 경멸의 에센스   [물리 피해 (6-9)~(13-15) 추가] (접두어)"
"Weeping Essence of Contempt   [Reflects (11-24) Physical Damage to Melee Attackers] (Prefix)","흐느끼는 경멸의 에센스   [근접 공격자에게 (11-24)의 물리 피해 반사] (접두어)"
"Weeping Essence of Doubt   [(14-18)% increased Evasion Rating] (Prefix)","흐느끼는 의심의 에센스   [회피 (14-18)% 증가] (접두어)"
"Weeping Essence of Doubt   [+(100-165) to Accuracy Rating] (Suffix)","흐느끼는 의심의 에센스   [정확도 +(100-165)] (접미어)"
"Weeping Essence of Doubt   [+(131-215) to Accuracy Rating] (Suffix)","흐느끼는 의심의 에센스   [정확도 +(131-215)] (접미어)"
"Weeping Essence of Doubt   [+(36-60) to Evasion Rating] (Prefix)","흐느끼는 의심의 에센스   [회피 +(36-60)] (접두어)"
"Weeping Essence of Doubt   [+(64-82) to Evasion Rating] (Prefix)","흐느끼는 의심의 에센스   [회피 +(64-82)] (접두어)"
"Weeping Essence of Fear   [(16-18)% increased Minion Accuracy Rating] (Suffix)","흐느끼는 두려움의 에센스   [소환수 정확도 (16-18)% 증가] (접미어)"
"Weeping Essence of Fear   [Minions have (16-18)% increased Movement Speed] (Suffix)","흐느끼는 두려움의 에센스   [소환수의 이동 속도 (16-18)% 증가] (접미어)"
"Weeping Essence of Fear   [Minions have (16-18)% increased maximum Life] (Suffix)","흐느끼는 두려움의 에센스   [소환수의 최대 생명력 (16-18)% 증가] (접미어)"
"Weeping Essence of Fear   [Minions deal (16-18)% increased Damage] (Prefix)","흐느끼는 두려움의 에센스   [소환수가 주는 피해 (16-18)% 증가] (접두어)"
"Weeping Essence of Fear   [Minions deal (30-39)% increased Damage] (Prefix)","흐느끼는 두려움의 에센스   [소환수가 주는 피해 (30-39)% 증가] (접두어)"
"Weeping Essence of Fear   [Minions deal (45-59)% increased Damage] (Prefix)","흐느끼는 두려움의 에센스   [소환수가 주는 피해 (45-59)% 증가] (접두어)"
"Weeping Essence of Greed   [(0.7-0.9)% of Physical Attack Damage Leeched as Life] (Prefix)","흐느끼는 탐욕의 에센스   [물리 공격 피해의 (0.7-0.9)%를 생명력으로 흡수] (접두어)"
"Weeping Essence of Greed   [(0.7-0.9)% of Physical Attack Damage Leeched as Life] (Prefix)","흐느끼는 탐욕의 에센스   [물리 공격 피해의 (0.7-0.9)%를 생명력으로 흡수] (접두어)"
"Weeping Essence of Greed   [(16-19)% increased Flask Life Recovery rate] (Prefix)","흐느끼는 탐욕의 에센스   [플라스크로 얻는 생명력 회복 속도 (16-19)% 증가] (접두어)"
"Weeping Essence of Greed   [+(31-45) to maximum Life] (Prefix)","흐느끼는 탐욕의 에센스   [생명력 최대치 +(31-45)] (접두어)"
"Weeping Essence of Greed   [Regenerate (8.1-16) Life per second] (Suffix)","흐느끼는 탐욕의 에센스   [1초마다 생명력 (8.1-16) 재생] (접미어)"
"Weeping Essence of Hatred   [(15-18)% increased Cold Damage] (Suffix)","흐느끼는 증오의 에센스   [냉기 피해 (15-18)% 증가] (접미어)"
"Weeping Essence of Hatred   [+(18-23)% to Cold Resistance] (Suffix)","흐느끼는 증오의 에센스   [냉기 저항 +(18-23)%] (접미어)"
"Weeping Essence of Hatred   [Adds (16-21) to (31-37) Cold Damage] (Prefix)","흐느끼는 증오의 에센스   [냉기 피해 (16-21)~(31-37) 추가] (접두어)"
"Weeping Essence of Hatred   [Adds (29-40) to (58-68) Cold Damage] (Prefix)","흐느끼는 증오의 에센스   [냉기 피해 (29-40)~(58-68) 추가] (접두어)"
"Weeping Essence of Rage   [+(18-22) to Strength] (Suffix)","흐느끼는 격노의 에센스   [힘 +(18-22)] (접미어)"
"Weeping Essence of Rage   [Damage Penetrates (7-8)% Fire Resistance] (Prefix)","흐느끼는 격노의 에센스   [피해가 화염 저항 (7-8)% 관통] (접두어)"
"Weeping Essence of Rage   [Damage Penetrates 4% Fire Resistance] (Prefix)","흐느끼는 격노의 에센스   [피해가 화염 저항 4% 관통] (접두어)"
"Weeping Essence of Sorrow   [+(18-22) to Dexterity] (Suffix)","흐느끼는 슬픔의 에센스   [민첩 +(18-22)] (접미어)"
"Weeping Essence of Sorrow   [Damage Penetrates (7-8)% Cold Resistance] (Prefix)","흐느끼는 슬픔의 에센스   [피해가 냉기 저항 (7-8)% 관통] (접두어)"
"Weeping Essence of Sorrow   [Damage Penetrates 4% Cold Resistance] (Prefix)","흐느끼는 슬픔의 에센스   [피해가 냉기 저항 4% 관통] (접두어)"
"Weeping Essence of Suffering   [(39-42)% chance to Avoid being Frozen] (Suffix)","흐느끼는 고통의 에센스   [(39-42)%의 확률로 동결 긴급회피] (접미어)"
"Weeping Essence of Suffering   [(5-6)% chance to Avoid Cold Damage from Hits] (Suffix)","흐느끼는 고통의 에센스   [피격 시 (5-6)% 확률로 냉기 피해 긴급회피] (접미어)"
"Weeping Essence of Suffering   [Adds (10-13) to (19-22) Cold Damage to Attacks] (Prefix)","흐느끼는 고통의 에센스   [공격 시 냉기 피해 (10-13)~(19-22) 추가] (접두어)"
"Weeping Essence of Suffering   [Adds (11-15) to (22-25) Cold Damage to Spells] (Prefix)","흐느끼는 고통의 에센스   [주문 시전 시 냉기 피해 (11-15)~(22-25) 추가] (접두어)"
"Weeping Essence of Suffering   [Adds (16-22) to (33-38) Cold Damage to Spells] (Prefix)","흐느끼는 고통의 에센스   [주문 시전 시 냉기 피해 (16-22)~(33-38) 추가] (접두어)"
"Weeping Essence of Suffering   [Adds (3-4) to (7-8) Cold Damage to Attacks] (Prefix)","흐느끼는 고통의 에센스   [공격 시 냉기 피해 (3-4)~(7-8) 추가] (접두어)"
"Weeping Essence of Suffering   [Adds (6-9) to (13-16) Cold Damage to Attacks] (Prefix)","흐느끼는 고통의 에센스   [공격 시 냉기 피해 (6-9)~(13-16) 추가] (접두어)"
"Weeping Essence of Torment   [(39-42)% chance to Avoid being Shocked] (Suffix)","흐느끼는 고뇌의 에센스   [(39-42)%의 확률로 감전 긴급회피] (접미어)"
"Weeping Essence of Torment   [(5-6)% chance to Avoid Lightning Damage from Hits] (Suffix)","흐느끼는 고뇌의 에센스   [피격 시 (5-6)% 확률로 번개 피해 긴급회피] (접미어)"
"Weeping Essence of Torment   [Adds (1-2) to (27-28) Lightning Damage to Attacks] (Prefix)","흐느끼는 고뇌의 에센스   [공격 시 번개 피해 (1-2)~(27-28) 추가] (접두어)"
"Weeping Essence of Torment   [Adds (1-4) to (46-48) Lightning Damage to Spells] (Prefix)","흐느끼는 고뇌의 에센스   [주문 시전 시 번개 피해 (1-4)~(46-48) 추가] (접두어)"
"Weeping Essence of Torment   [Adds (2-3) to (35-40) Lightning Damage to Attacks] (Prefix)","흐느끼는 고뇌의 에센스   [공격 시 번개 피해 (2-3)~(35-40) 추가] (접두어)"
"Weeping Essence of Torment   [Adds (2-5) to (69-73) Lightning Damage to Spells] (Prefix)","흐느끼는 고뇌의 에센스   [주문 시전 시 번개 피해 (2-5)~(69-73) 추가] (접두어)"
"Weeping Essence of Torment   [Adds 1 to (14-15) Lightning Damage to Attacks] (Prefix)","흐느끼는 고뇌의 에센스   [공격 시 번개 피해 1~(14-15) 추가] (접두어)"
"Weeping Essence of Woe   [(21-25)% increased Damage with Bow Skills] (Prefix)","흐느끼는 비애의 에센스   [활 스킬로 주는 피해 (21-25)% 증가] (접두어)"
"Weeping Essence of Woe   [(30-39)% increased Spell Damage] (Prefix)","흐느끼는 비애의 에센스   [주문 피해 (30-39)% 증가] (접두어)"
"Weeping Essence of Woe   [(45-59)% increased Spell Damage] (Prefix)","흐느끼는 비애의 에센스   [주문 피해 (45-59)% 증가] (접두어)"
"Weeping Essence of Woe   [(8-10)% increased maximum Energy Shield] (Prefix)","흐느끼는 비애의 에센스   [에너지 보호막 최대치 (8-10)% 증가] (접두어)"
"Weeping Essence of Woe   [+(16-19) to maximum Energy Shield] (Prefix)","흐느끼는 비애의 에센스   [에너지 보호막 최대치 +(16-19)] (접두어)"
"Weeping Essence of Woe   [+(17-23) to maximum Energy Shield] (Prefix)","흐느끼는 비애의 에센스   [에너지 보호막 최대치 +(17-23)] (접두어)"
"Weeping Essence of Wrath   [(8-12)% increased Lightning Damage] (Suffix)","흐느끼는 진노의 에센스   [번개 피해 (8-12)% 증가] (접미어)"
"Weeping Essence of Wrath   [+(18-23)% to Lightning Resistance] (Suffix)","흐느끼는 진노의 에센스   [번개 저항 +(18-23)%] (접미어)"
"Weeping Essence of Wrath   [Adds (5-8) to (106-123) Lightning Damage] (Prefix)","흐느끼는 진노의 에센스   [번개 피해 (5-8)~(106-123) 추가] (접두어)"
"Weeping Essence of Wrath   [Adds 3 to (57-67) Lightning Damage] (Prefix)","흐느끼는 진노의 에센스   [번개 피해 3~(57-67) 추가] (접두어)"
"Whispering Essence of Contempt   [Adds 1 to (2-3) Physical Damage] (Prefix)","속삭이는 경멸의 에센스   [물리 피해 1~(2-3) 추가] (접두어)"
"Whispering Essence of Contempt   [Adds 1 to 2 Physical Damage to Attacks] (Prefix)","속삭이는 경멸의 에센스   [공격 시 물리 피해 1~2 추가] (접두어)"
"Whispering Essence of Contempt   [Adds 2 to (4-5) Physical Damage] (Prefix)","속삭이는 경멸의 에센스   [물리 피해 2~(4-5) 추가] (접두어)"
"Whispering Essence of Contempt   [Reflects (1-4) Physical Damage to Melee Attackers] (Prefix)","속삭이는 경멸의 에센스   [근접 공격자에게 (1-4)의 물리 피해 반사] (접두어)"
"Whispering Essence of Greed   [(0.5-0.7)% of Physical Attack Damage Leeched as Life] (Prefix)","속삭이는 탐욕의 에센스   [물리 공격 피해의 (0.5-0.7)%를 생명력으로 흡수] (접두어)"
"Whispering Essence of Greed   [(0.5-0.7)% of Physical Attack Damage Leeched as Life] (Prefix)","속삭이는 탐욕의 에센스   [물리 공격 피해의 (0.5-0.7)%를 생명력으로 흡수] (접두어)"
"Whispering Essence of Greed   [(8-11)% increased Flask Life Recovery rate] (Prefix)","속삭이는 탐욕의 에센스   [플라스크로 얻는 생명력 회복 속도 (8-11)% 증가] (접두어)"
"Whispering Essence of Greed   [+(5-14) to maximum Life] (Prefix)","속삭이는 탐욕의 에센스   [생명력 최대치 +(5-14)] (접두어)"
"Whispering Essence of Greed   [Regenerate (1-2) Life per second] (Suffix)","속삭이는 탐욕의 에센스   [1초마다 생명력 (1-2) 재생] (접미어)"
"Whispering Essence of Hatred   [(6-10)% increased Cold Damage] (Suffix)","속삭이는 증오의 에센스   [냉기 피해 (6-10)% 증가] (접미어)"
"Whispering Essence of Hatred   [+(6-11)% to Cold Resistance] (Suffix)","속삭이는 증오의 에센스   [냉기 저항 +(6-11)%] (접미어)"
"Whispering Essence of Hatred   [Adds (1-2) to (3-4) Cold Damage] (Prefix)","속삭이는 증오의 에센스   [냉기 피해 (1-2)~(3-4) 추가] (접두어)"
"Whispering Essence of Hatred   [Adds (2-3) to (6-7) Cold Damage] (Prefix)","속삭이는 증오의 에센스   [냉기 피해 (2-3)~(6-7) 추가] (접두어)"
"Whispering Essence of Woe   [(10-19)% increased Spell Damage] (Prefix)","속삭이는 비애의 에센스   [주문 피해 (10-19)% 증가] (접두어)"
"Whispering Essence of Woe   [(15-29)% increased Spell Damage] (Prefix)","속삭이는 비애의 에센스   [주문 피해 (15-29)% 증가] (접두어)"
"Whispering Essence of Woe   [(2-4)% increased maximum Energy Shield] (Prefix)","속삭이는 비애의 에센스   [에너지 보호막 최대치 (2-4)% 증가] (접두어)"
"Whispering Essence of Woe   [(5-10)% increased Damage with Bow Skills] (Prefix)","속삭이는 비애의 에센스   [활 스킬로 주는 피해 (5-10)% 증가] (접두어)"
"Whispering Essence of Woe   [+(1-3) to maximum Energy Shield] (Prefix)","속삭이는 비애의 에센스   [에너지 보호막 최대치 +(1-3)] (접두어)"
"Whispering Essence of Woe   [+(3-5) to maximum Energy Shield] (Prefix)","속삭이는 비애의 에센스   [에너지 보호막 최대치 +(3-5)] (접두어)"
